{"type":"FeatureCollection","features":[{"type":"Feature","geometry":{"type":"LineString","coordinates":[[-121.156692395,39.94997701900007,2109.77734375,0.0],[-121.15650976599994,39.947846723000055,2096.86328125,0.0],[-121.15273869099997,39.942717876000074,2113.47265625,0.0],[-121.15017396399998,39.942016272000046,2114.125,0.0],[-121.14853301,39.93910148300006,2100.6484375,0.0],[-121.14624315799995,39.93869243900008,2117.8203125,0.0],[-121.14790730799996,39.93835964200008,2109.9921875,0.0],[-121.14586990899994,39.93833505900005,2120.953125,0.0],[-121.14752860699997,39.93822186600005,2114.67578125,0.0],[-121.14576655199994,39.93803394400004,2126.04296875,0.0],[-121.14509154799998,39.93418271300004,2142.953125,0.0],[-121.13247799499999,39.933279481000056,2128.93359375,0.0],[-121.13951011999995,39.933269892000055,2134.69921875,0.0],[-121.13241456299994,39.933158142000025,2128.76171875,0.0],[-121.13879911499998,39.933001355000044,2132.23828125,0.0],[-121.13232012699996,39.932690413000046,2123.03515625,0.0],[-121.13838592799999,39.932504935000054,2125.22265625,0.0],[-121.13231729699999,39.93231524000004,2124.06640625,0.0],[-121.13716084999999,39.93211505800008,2114.73046875,0.0],[-121.13242424499998,39.93206850400003,2127.421875,0.0],[-121.13437341599996,39.92639209400005,2075.13671875,0.0],[-121.13249817699995,39.921179014000074,2060.51171875,0.0],[-121.134200309,39.91586091100004,2055.9921875,0.0],[-121.13078700599999,39.909860268000045,1997.8203125,0.0],[-121.13154072999998,39.90846592200006,1973.52734375,0.0],[-121.13027165199998,39.908012159000066,1957.95703125,0.0],[-121.13234428599998,39.907870176000074,1971.19921875,0.0],[-121.12791567599999,39.906676540000035,1925.40625,0.0],[-121.13029132799994,39.90644110300008,1909.4765625,0.0],[-121.12650457999996,39.90631466900004,1924.546875,0.0],[-121.13038438999996,39.90629480200005,1906.265625,0.0],[-121.12676559399995,39.905821443000036,1915.59765625,0.0],[-121.13110850899994,39.90467527000004,1879.0546875,0.0],[-121.12023261099995,39.90406051700006,1748.92578125,0.0],[-121.13099784599996,39.90401205400008,1871.64453125,0.0],[-121.12017218999995,39.903993515000025,1747.80859375,0.0],[-121.13115263799995,39.90367964100005,1869.2578125,0.0],[-121.12004347999999,39.90348512500003,1741.84765625,0.0],[-121.13146327599998,39.90311912300007,1865.88671875,0.0],[-121.12003586899999,39.90298581700006,1732.46484375,0.0],[-121.12742178899998,39.902699092000034,1822.0234375,0.0],[-121.12019028399999,39.90269748600008,1728.9140625,0.0],[-121.12696388199998,39.902050935000034,1815.66015625,0.0],[-121.12077661599994,39.901912579000054,1726.0234375,0.0],[-121.12663905799997,39.90170031200006,1814.1484375,0.0],[-121.11992955699998,39.90148065300008,1709.76171875,0.0],[-121.12613261599995,39.90141834000008,1807.30859375,0.0],[-121.11964941599996,39.90132187900008,1706.3671875,0.0],[-121.12519445399994,39.90127047800007,1797.79296875,0.0],[-121.11955209399997,39.90121113500004,1705.453125,0.0],[-121.12025511599995,39.89840725600004,1682.01953125,0.0],[-121.11660071799997,39.89742008400003,1686.20703125,0.0],[-121.11818267599995,39.892542701000025,1719.62109375,0.0],[-121.11605349699994,39.891008992000025,1726.23828125,0.0],[-121.11744651599997,39.88919232400008,1740.00390625,0.0],[-121.11610684299995,39.88819148400006,1722.97265625,0.0],[-121.11728520699995,39.88577931800006,1738.5625,0.0],[-121.11701991199999,39.88218249800008,1731.828125,0.0],[-121.11647627299999,39.88038039300005,1721.6796875,0.0],[-121.11426340399998,39.879387604000044,1711.41796875,0.0],[-121.11982479999995,39.87566650000008,1710.48828125,0.0],[-121.11610824899998,39.87500911400008,1703.66015625,0.0],[-121.11634740099998,39.87407103400005,1706.078125,0.0],[-121.12176641799999,39.87226177400004,1719.5234375,0.0],[-121.12222567799995,39.870940037000025,1714.98828125,0.0],[-121.12522447699996,39.870793459000026,1725.91796875,0.0],[-121.12229694699994,39.870734362000064,1714.3203125,0.0],[-121.12566472999998,39.87071174000005,1728.65625,0.0],[-121.12248903399995,39.870646787000055,1719.66015625,0.0],[-121.12593840199997,39.870572612000046,1730.85546875,0.0],[-121.12277432399998,39.87031561100008,1719.6953125,0.0],[-121.12628490999998,39.870180334000054,1730.70703125,0.0],[-121.12316946099997,39.87009200500006,1717.28125,0.0],[-121.12646072099994,39.869839994000074,1732.1953125,0.0],[-121.12786036899996,39.86841977500006,1739.61328125,0.0],[-121.12455122099999,39.86456878800004,1678.62890625,0.0],[-121.12830321099995,39.86142168200007,1678.10546875,0.0],[-121.14232441599995,39.861121009000044,1756.125,0.0],[-121.12841723699995,39.860988331000044,1675.94140625,0.0],[-121.14317438999996,39.86057225600007,1758.40234375,0.0],[-121.12878005799996,39.86048034700008,1671.8125,0.0],[-121.14308614899994,39.860162057000025,1763.171875,0.0],[-121.12934528699998,39.85994950300005,1673.01953125,0.0],[-121.14285356799996,39.85992226700006,1768.09765625,0.0],[-121.12974295499998,39.85986324900006,1670.56640625,0.0],[-121.14241805799998,39.85965194900007,1779.6015625,0.0],[-121.13054291699996,39.85953247300006,1675.69140625,0.0],[-121.14157033999999,39.85936369700005,1796.0,0.0],[-121.13130740599996,39.85851580600007,1685.265625,0.0],[-121.13976126399996,39.85828446200003,1795.8515625,0.0],[-121.13328880199998,39.858150316000035,1700.7421875,0.0],[-121.13961205899994,39.858129820000045,1797.7109375,0.0],[-121.13375080099996,39.85794769300003,1702.20703125,0.0],[-121.13922666699995,39.857921770000075,1799.671875,0.0],[-121.13591425199996,39.85353674300006,1819.75390625,0.0],[-121.13144603699999,39.85109852100004,1812.1484375,0.0],[-121.12359957199999,39.850297038000065,1839.6015625,0.0],[-121.12955906699995,39.85029456500007,1826.1171875,0.0],[-121.12333778199996,39.84997922300005,1835.99609375,0.0],[-121.12741029999995,39.84989235200004,1833.80078125,0.0],[-121.12328974999997,39.84980396700007,1834.69921875,0.0],[-121.12206489899995,39.84697076200007,1824.37109375,0.0],[-121.11823004899998,39.84394753600003,1810.6953125,0.0],[-121.11595101599994,39.83450200000004,1809.91796875,0.0],[-121.11111386299996,39.82949354800007,1767.61328125,0.0],[-121.11144520899995,39.825820271000055,1759.0,0.0],[-121.11039677099996,39.82477336800008,1759.96875,0.0],[-121.10657673499998,39.82311819300003,1738.53515625,0.0],[-121.09768541999995,39.82309749700005,1659.19921875,0.0],[-121.10613512199996,39.823021072000074,1737.84765625,0.0],[-121.097319116,39.82277372400006,1647.27734375,0.0],[-121.10459747599998,39.82253903700007,1731.0,0.0],[-121.07983019899996,39.821672816000046,1009.37109375,0.0],[-121.09698295799996,39.821524468000064,1657.4140625,0.0],[-121.07914736299995,39.821489952000036,1007.30078125,0.0],[-121.09680051899994,39.82137259800004,1656.09375,0.0],[-121.07849680999999,39.821258632000024,1000.30859375,0.0],[-121.09634380199998,39.821214843000064,1640.2734375,0.0],[-121.07799277899994,39.82081241100008,1006.67578125,0.0],[-121.09593477099997,39.82076336100005,1639.33984375,0.0],[-121.07780118199997,39.820603626000036,1002.203125,0.0],[-121.09458401299997,39.82040850000004,1611.640625,0.0],[-121.07726379099995,39.82031660000007,1005.7578125,0.0],[-121.09447391799995,39.82023768500005,1612.9609375,0.0],[-121.07679209499997,39.82004892100008,1009.109375,0.0],[-121.09437820599999,39.819870310000056,1619.69140625,0.0],[-121.07642155199994,39.81963832900004,1001.4453125,0.0],[-121.09391263799995,39.81950961600006,1594.95703125,0.0],[-121.07619591399998,39.81946460100005,1001.09375,0.0],[-121.09393931799997,39.81933010900008,1595.32421875,0.0],[-121.07522680199997,39.81887070100004,1000.08984375,0.0],[-121.09418016099994,39.81883937400005,1601.53125,0.0],[-121.07277867399995,39.81874905900003,1019.43359375,0.0],[-121.09454100799996,39.81843185300005,1600.1875,0.0],[-121.07202045099996,39.818318660000045,1029.28515625,0.0],[-121.09465840599995,39.81822543700008,1598.80078125,0.0],[-121.06683277799999,39.81783196300006,1067.8125,0.0],[-121.09523319199997,39.81782229000004,1614.96484375,0.0],[-121.06674984199998,39.81778594800005,1069.68359375,0.0],[-121.09535050199997,39.81778163200005,1620.203125,0.0],[-121.06672815299999,39.817689649000044,1067.71875,0.0],[-121.09539545799998,39.81757332900003,1617.80078125,0.0],[-121.06683978799998,39.81709955200006,1045.91796875,0.0],[-121.09572529199994,39.81654066300007,1630.74609375,0.0],[-121.06434113499995,39.81640183400003,1061.46484375,0.0],[-121.09546939799998,39.81636475400006,1630.74609375,0.0],[-121.06218939799999,39.81602212100006,1088.45703125,0.0],[-121.09500204899996,39.81586609200008,1616.07421875,0.0],[-121.06237638699997,39.815108319000046,1079.953125,0.0],[-121.09436081199999,39.815045514000076,1611.26953125,0.0],[-121.06235660199997,39.815003459000025,1082.0234375,0.0],[-121.09403623099996,39.814848281000025,1605.09375,0.0],[-121.06106857499998,39.81471161400003,1099.45703125,0.0],[-121.09352261999999,39.814573256000074,1601.90234375,0.0],[-121.06103318899994,39.81456297400007,1095.05859375,0.0],[-121.092806785,39.814263287000074,1598.4296875,0.0],[-121.06078568299995,39.813129020000076,1099.66796875,0.0],[-121.08821317199994,39.81290379100005,1500.22265625,0.0],[-121.06090789199999,39.812257213000066,1071.29296875,0.0],[-121.08833214799995,39.81218595000007,1493.51953125,0.0],[-121.05985331399995,39.812062645000026,1109.81640625,0.0],[-121.08844795199997,39.81194960200003,1493.17578125,0.0],[-121.05949066699998,39.81189472800003,1102.9609375,0.0],[-121.08902734599997,39.81177044100008,1499.58203125,0.0],[-121.04374559099995,39.81175368100003,955.44921875,0.0],[-121.08911393899996,39.81171337200004,1499.9609375,0.0],[-121.04370677899999,39.81156012800005,949.3125,0.0],[-121.08863164799999,39.81135089000003,1514.484375,0.0],[-121.04387618999999,39.81134892800003,951.79296875,0.0],[-121.088376746,39.811091669000064,1508.89453125,0.0],[-121.043975263,39.81060153900006,945.67578125,0.0],[-121.08785965199996,39.810562627000024,1492.2578125,0.0],[-121.04415445399997,39.81026973100006,945.7109375,0.0],[-121.08574595599998,39.81001744400004,1478.51171875,0.0],[-121.04476969499996,39.80997483200008,962.64453125,0.0],[-121.07750560599999,39.80981603200007,1385.0859375,0.0],[-121.04424899199995,39.80979120600006,934.92578125,0.0],[-121.077480332,39.80960312000008,1381.63671875,0.0],[-121.04451981799997,39.80948403700006,933.55859375,0.0],[-121.07768986899998,39.80917176100007,1372.3671875,0.0],[-121.04527297199996,39.80889154400006,921.921875,0.0],[-121.07902181399999,39.80818747400008,1355.9765625,0.0],[-121.04430637599995,39.80792883400005,919.3984375,0.0],[-121.08031470299994,39.80759757100003,1359.71484375,0.0],[-121.04372897999997,39.80750485200008,924.28125,0.0],[-121.08041459399999,39.80749032500006,1361.13671875,0.0],[-121.04327698099996,39.80672494200007,941.48828125,0.0],[-121.07975100199997,39.80670558800006,1336.37890625,0.0],[-121.07828631999996,39.806522495000024,1264.43359375,0.0],[-121.04321563699995,39.806302681000034,959.16796875,0.0],[-121.07924063599995,39.80610183600004,1315.0390625,0.0],[-121.04302034599999,39.806039981000026,967.26171875,0.0],[-121.07971961199996,39.80569776900006,1318.60546875,0.0],[-121.04210716999995,39.80541285500004,968.0390625,0.0],[-121.08016981299994,39.80540756500005,1318.0703125,0.0],[-121.04169948499998,39.80532986900005,950.4296875,0.0],[-121.07926841499994,39.80530225600006,1268.53125,0.0],[-121.04160916299998,39.80522078000007,949.36328125,0.0],[-121.08049755399998,39.80506378000007,1325.78515625,0.0],[-121.04217210399997,39.805027005000056,982.3828125,0.0],[-121.08029870899998,39.804848966000066,1329.9765625,0.0],[-121.04178926499998,39.804845915000044,969.72265625,0.0],[-121.08016313899998,39.804835395000055,1326.40234375,0.0],[-121.04212455899994,39.804619752000065,994.55859375,0.0],[-121.07945604499997,39.804351918000066,1320.67578125,0.0],[-121.04172103199994,39.80417711900003,988.00390625,0.0],[-121.07908237199996,39.80400523800006,1313.71875,0.0],[-121.04286636399996,39.80397957800005,1040.35546875,0.0],[-121.07838100999999,39.80355513500007,1293.0,0.0],[-121.03957478299998,39.80245089600004,1062.80078125,0.0],[-121.04814074299998,39.80222021000003,1185.76171875,0.0],[-121.03926543299997,39.80219063900006,1070.359375,0.0],[-121.04775702899997,39.801830910000035,1195.99609375,0.0],[-121.04083271099995,39.801787552000064,1079.9921875,0.0],[-121.04764140499998,39.80105746000004,1180.28515625,0.0],[-121.03649733299994,39.79531673900004,1307.07421875,0.0],[-121.03739904699995,39.79527473100006,1284.84375,0.0],[-121.03054811199996,39.79362805100004,1380.86328125,0.0],[-121.03223418899995,39.79265938700007,1412.7265625,0.0],[-121.02909288099994,39.79244821300006,1481.43359375,0.0],[-121.03244947199994,39.79183247200007,1424.5546875,0.0],[-121.03002401499998,39.79124148600005,1499.6640625,0.0],[-121.03273811999998,39.79123595300007,1432.75,0.0],[-121.02992374699994,39.79119704500005,1501.1015625,0.0],[-121.03283078599998,39.791153992000034,1431.296875,0.0],[-121.02901290499995,39.791151023000054,1529.26171875,0.0],[-121.03294969499996,39.791124824000065,1428.515625,0.0],[-121.02864854899997,39.791071860000045,1540.85546875,0.0],[-121.03301927299998,39.79104380900003,1425.6796875,0.0],[-121.02807579199998,39.79097946100006,1547.69921875,0.0],[-121.03307690399998,39.79077827700007,1417.44140625,0.0],[-121.02750998999994,39.79071259400007,1546.4609375,0.0],[-121.03317453699998,39.79058146700004,1405.08984375,0.0],[-121.02711142999999,39.79043620300007,1545.27734375,0.0],[-121.03315500399998,39.79038451300005,1402.60546875,0.0],[-121.02672900499999,39.79036069000006,1543.29296875,0.0],[-121.03308583799998,39.79030441900005,1403.5390625,0.0],[-121.02222879499999,39.78980108800005,1567.09765625,0.0],[-121.02508970099996,39.78966537200006,1565.9765625,0.0],[-121.01655946399995,39.78821729900005,1532.4921875,0.0],[-121.02140493499996,39.78813530900004,1542.40625,0.0],[-120.87786737899995,39.78735182300005,2049.8984375,0.0],[-121.016131686,39.787232268000025,1518.90625,0.0],[-120.87743278899995,39.78717443100004,2050.1875,0.0],[-121.01611228299998,39.78702034100007,1516.1015625,0.0],[-120.87724750899997,39.786874598000054,2050.73046875,0.0],[-121.01597941199998,39.786738300000025,1506.88671875,0.0],[-120.87645803799995,39.78652336500005,2069.02734375,0.0],[-121.00659914999994,39.78651008200006,1543.91015625,0.0],[-120.88108934299999,39.786303384000064,2040.3984375,0.0],[-121.00551531299999,39.78593116500008,1554.515625,0.0],[-120.88158557799994,39.78587351700003,2041.96875,0.0],[-121.00483134699999,39.78586448500005,1550.44140625,0.0],[-121.00364341499994,39.78562163400005,1547.734375,0.0],[-120.87558349999995,39.785489390000066,2074.87109375,0.0],[-121.00347899299999,39.785255034000045,1550.77734375,0.0],[-120.87526834099998,39.785045946000025,2080.9921875,0.0],[-121.00341682599998,39.784861068000055,1556.0390625,0.0],[-120.87522308599995,39.78478266600007,2083.0390625,0.0],[-121.00275114499999,39.784492992000025,1557.99609375,0.0],[-120.87504350599994,39.784461545000056,2084.4375,0.0],[-121.00276404999994,39.78402802100004,1563.45703125,0.0],[-120.87498117499996,39.78400517400007,2087.37890625,0.0],[-121.00304201199998,39.78390303700007,1565.796875,0.0],[-120.87491264899995,39.78388164000006,2091.03515625,0.0],[-121.00333410299999,39.783604206000064,1570.08984375,0.0],[-120.87489854599994,39.78352729200003,2084.4453125,0.0],[-121.00343480299995,39.78342917300006,1570.60546875,0.0],[-120.88778342299997,39.78316732800005,1999.4140625,0.0],[-121.00402424999999,39.78242527900005,1585.12890625,0.0],[-120.87370997599999,39.78227754400007,2094.55859375,0.0],[-121.00814719999994,39.78182844400004,1623.5234375,0.0],[-120.87250701799996,39.78152410400003,2111.61328125,0.0],[-121.00768940599994,39.78130385800006,1624.796875,0.0],[-120.87190373699997,39.781066742000064,2124.296875,0.0],[-121.00748359899995,39.780467257000055,1624.57421875,0.0],[-120.87123406999996,39.78034923900003,2121.00390625,0.0],[-121.00720136999996,39.78000631400005,1630.4609375,0.0],[-120.87129882699998,39.779968508000024,2118.27734375,0.0],[-121.00663141299998,39.77941611700004,1631.8671875,0.0],[-120.87074093499996,39.779145124000024,2129.17578125,0.0],[-121.00543228899994,39.778639310000074,1653.03515625,0.0],[-120.87073027499997,39.77859702000006,2124.74609375,0.0],[-121.00535726899994,39.77852633500004,1655.25,0.0],[-120.87086182599995,39.77834439500003,2127.91796875,0.0],[-121.00532463299999,39.77831142900004,1660.296875,0.0],[-120.87170178599996,39.77752526300003,2143.375,0.0],[-121.00433308799995,39.77743177000008,1679.73828125,0.0],[-120.87278370099995,39.77662318000006,2147.00390625,0.0],[-121.00272758099999,39.77645421300008,1696.8359375,0.0],[-120.87367100799997,39.776449478000075,2143.70703125,0.0],[-121.00206610499998,39.77609539900004,1704.17578125,0.0],[-120.87485051399995,39.776070454000035,2130.1171875,0.0],[-121.00149972799994,39.775681044000066,1711.73828125,0.0],[-120.87055747699998,39.77446842200004,2092.85546875,0.0],[-120.99241644699998,39.774329109000064,1723.46875,0.0],[-120.86736812699996,39.77416676200005,2063.66015625,0.0],[-120.99218812199996,39.77414356600008,1712.1953125,0.0],[-120.86561833999997,39.774052692000055,2057.31640625,0.0],[-120.99258744199994,39.773609435000026,1706.23046875,0.0],[-120.86484525099996,39.773442920000036,2059.28125,0.0],[-120.99268317499997,39.77316904300005,1711.1875,0.0],[-120.86448996699994,39.77235740300006,2052.06640625,0.0],[-120.99271139399997,39.77221426800003,1713.625,0.0],[-120.86414058699995,39.77201154000005,2049.515625,0.0],[-120.99295270099998,39.77186999200006,1717.2109375,0.0],[-120.86398415399998,39.77169035600008,2048.85546875,0.0],[-120.99310625699997,39.77152697100007,1716.20703125,0.0],[-120.86376950999994,39.77147011200003,2053.48046875,0.0],[-120.99314841099999,39.77137003900003,1714.6484375,0.0],[-120.86372670999998,39.771290011000076,2056.0390625,0.0],[-120.99312739099997,39.771284199000036,1713.75,0.0],[-120.86359465199996,39.77112139600007,2061.05078125,0.0],[-120.96126820799998,39.77066546000003,1831.46875,0.0],[-120.86233182399997,39.77060783700006,2066.25,0.0],[-120.99217683799998,39.77055893600004,1696.89453125,0.0],[-120.86148892599999,39.770158743000025,2065.91015625,0.0],[-120.99153701999995,39.77004586900006,1689.10546875,0.0],[-120.86113593699997,39.76988687900007,2069.765625,0.0],[-120.99102195599994,39.76988075000003,1687.6875,0.0],[-120.86117811499997,39.76987211800008,2068.69921875,0.0],[-120.99083278999996,39.769383203000075,1690.53515625,0.0],[-120.86066367299998,39.76933492100005,2062.56640625,0.0],[-120.99079144299998,39.76918984100007,1689.16796875,0.0],[-120.86041884899998,39.769016917000044,2059.734375,0.0],[-120.98993939999997,39.768931000000066,1687.6484375,0.0],[-120.859586778,39.76846681400008,2064.17578125,0.0],[-120.98947328099996,39.76840127000003,1690.34765625,0.0],[-120.85931091399999,39.76801484900005,2059.40625,0.0],[-120.98924947699999,39.76752778100007,1694.26953125,0.0],[-120.85884482899996,39.76745258200003,2052.80859375,0.0],[-120.98542565199995,39.76680195400007,1702.953125,0.0],[-120.85820819299994,39.76679402900004,2049.4921875,0.0],[-120.98860389099997,39.766741341000056,1694.0078125,0.0],[-120.85819562799998,39.766520007000054,2048.67578125,0.0],[-120.98800096199994,39.76628584800005,1695.01953125,0.0],[-120.85805361799999,39.76622713100005,2050.671875,0.0],[-120.98755084099997,39.76616261200007,1698.796875,0.0],[-120.85779163799998,39.76590960100003,2051.23828125,0.0],[-120.97461583299997,39.765906666000035,1754.19140625,0.0],[-120.85764867999995,39.765427361000036,2059.07421875,0.0],[-120.85526830999999,39.75896950200007,2105.92578125,0.0],[-120.84596741499996,39.75675107100005,2117.46875,0.0],[-120.84535752,39.75152710000003,2082.27734375,0.0],[-120.84197649299995,39.751158936000024,2070.81640625,0.0],[-120.84495648899997,39.75103605800007,2074.23828125,0.0],[-120.842534221,39.751019488000054,2079.453125,0.0],[-120.84419896499998,39.75072344300003,2066.33984375,0.0],[-120.84103077199995,39.75030725900007,2048.55078125,0.0],[-120.84012803099995,39.74879312100006,2038.74609375,0.0],[-120.82954420799996,39.74829761900003,1938.15625,0.0],[-120.83948123199997,39.74827626000007,2036.046875,0.0],[-120.82692473499998,39.74813104000003,1964.18359375,0.0],[-120.83873991699994,39.74793854300003,2032.55859375,0.0],[-120.82656926199996,39.74788793600004,1966.00390625,0.0],[-120.838414823,39.74788687400007,2033.046875,0.0],[-120.826341464,39.747792365000066,1961.375,0.0],[-120.83497982999995,39.74776684100004,1972.796875,0.0],[-120.82623481699994,39.74765994100005,1959.9765625,0.0],[-120.83393801099999,39.747637318000045,1953.63671875,0.0],[-120.82626661699999,39.747482587000036,1961.12890625,0.0],[-120.83364773999995,39.747470590000034,1960.296875,0.0],[-120.82622132599994,39.74728486400005,1966.6171875,0.0],[-120.82289426399996,39.746448401000066,1999.61328125,0.0],[-120.82636766799999,39.746230196000056,1982.30078125,0.0],[-120.82264490299997,39.74609565800006,2008.30859375,0.0],[-120.82650393199998,39.74554809500006,1985.515625,0.0],[-120.81646995999995,39.744439416000034,1954.4453125,0.0],[-120.82184725899998,39.74437105000004,2005.7578125,0.0],[-120.81543768999995,39.74386588800007,1947.46484375,0.0],[-120.81464030699999,39.742898980000064,1928.53125,0.0],[-120.81565529699998,39.74127454100005,1881.05078125,0.0],[-120.81343930699995,39.73960448500003,1884.8203125,0.0],[-120.814773146,39.73744772100008,1865.23046875,0.0],[-120.81379377899998,39.73575540000007,1843.0390625,0.0],[-120.80283197399996,39.73553745500004,1788.19140625,0.0],[-120.81380889599995,39.73543879300007,1839.2578125,0.0],[-120.80268386299997,39.735397833000036,1792.2890625,0.0],[-120.81370774699997,39.73517170200006,1836.41796875,0.0],[-120.80251434899998,39.73505936600003,1799.3515625,0.0],[-120.81358696499996,39.73501609700003,1835.7265625,0.0],[-120.80175218,39.734339713000054,1808.3046875,0.0],[-120.81183091899999,39.734302901000035,1840.7421875,0.0],[-120.80147805099995,39.733838072000026,1809.52734375,0.0],[-120.81133833499996,39.733717418000026,1837.6171875,0.0],[-120.80093297499997,39.73322273100007,1809.4375,0.0],[-120.81135971099997,39.733066929000074,1843.328125,0.0],[-120.79960589799998,39.732581623000044,1796.71484375,0.0],[-120.79130112499996,39.72105263000003,1868.71875,0.0],[-120.77317170699996,39.720939661000045,2154.84375,0.0],[-120.79095132499998,39.72064281200005,1866.99609375,0.0],[-120.77266283699998,39.720294773000035,2170.03515625,0.0],[-120.79059886399995,39.72010445300003,1869.92578125,0.0],[-120.76995209999995,39.719623341000045,2256.328125,0.0],[-120.78959115199996,39.719264026000076,1884.5859375,0.0],[-120.76928123399995,39.71846752300007,2259.7890625,0.0],[-120.78836859399996,39.718412639000064,1892.06640625,0.0],[-120.75693260899999,39.71814231400003,2109.890625,0.0],[-120.78797219799998,39.71812996600005,1893.80859375,0.0],[-120.75672851599995,39.718065660000036,2109.78125,0.0],[-120.788906699,39.71799413900004,1915.625,0.0],[-120.75658996399994,39.717945658000076,2106.78125,0.0],[-120.78884905199999,39.71787494500006,1917.26953125,0.0],[-120.75644100699998,39.71771891700007,2097.25,0.0],[-120.78852232599996,39.71754449800005,1917.21875,0.0],[-120.75613319799999,39.717538913000055,2095.61328125,0.0],[-120.78818518199995,39.71725745600003,1917.9296875,0.0],[-120.75597647599994,39.71717729300008,2084.984375,0.0],[-120.788073011,39.71700794100008,1925.4375,0.0],[-120.75571691299996,39.71695506800006,2082.1953125,0.0],[-120.78790885299998,39.71687675900006,1922.61328125,0.0],[-120.75130098399995,39.71678452300006,2053.375,0.0],[-120.78790731099997,39.71667721500006,1930.29296875,0.0],[-120.750409908,39.716488721000076,2049.55859375,0.0],[-120.78780789599995,39.71634774100005,1938.8203125,0.0],[-120.75035546699996,39.71625798400004,2041.1484375,0.0],[-120.78776570199994,39.71617298600006,1943.91015625,0.0],[-120.75016166399996,39.71596775200004,2028.65625,0.0],[-120.78741874099995,39.71527878300003,1942.84765625,0.0],[-120.74919820299999,39.71526412900005,2018.25390625,0.0],[-120.78747566299995,39.71511704400007,1943.05859375,0.0],[-120.74517340099999,39.71488782000006,2014.28125,0.0],[-120.78750774399998,39.714347443000065,1945.7890625,0.0],[-120.74511014899997,39.71434116000006,2017.125,0.0],[-120.78743389299996,39.71422347400005,1944.23046875,0.0],[-120.74510296399995,39.71412787400004,2021.30859375,0.0],[-120.77959338299996,39.71406643000006,2043.234375,0.0],[-120.74499485799998,39.71399114700006,2026.42578125,0.0],[-120.74510627699999,39.71186475600007,2023.97265625,0.0],[-120.73974041899999,39.711339606000024,2032.2265625,0.0],[-120.74274581999998,39.71104407000007,2043.48046875,0.0],[-120.73947247499996,39.71094475900003,2038.4765625,0.0],[-120.74213396199997,39.71089653400003,2045.8203125,0.0],[-120.73944657899995,39.71079363500007,2040.5390625,0.0],[-120.73857572299994,39.70813407700007,2065.24609375,0.0],[-120.72244573899997,39.70801691100007,2182.921875,0.0],[-120.73814650699995,39.707636957000034,2075.46875,0.0],[-120.72233179599999,39.707578940000076,2175.8984375,0.0],[-120.73876132799995,39.707512276000045,2059.44140625,0.0],[-120.72120054999999,39.707504122000046,2197.0390625,0.0],[-120.73850969799997,39.70709227200007,2061.10546875,0.0],[-120.71552435199999,39.706252747000065,2235.5390625,0.0],[-120.73588768499997,39.70608878100006,2086.33203125,0.0],[-120.71505110199996,39.70594222100004,2231.6328125,0.0],[-120.73545292099999,39.705934340000056,2089.6640625,0.0],[-120.71476332099996,39.705682816000035,2239.62109375,0.0],[-120.72747284599996,39.70548193600007,2129.69921875,0.0],[-120.71475029399994,39.705356908000056,2245.3828125,0.0],[-120.71500957499995,39.703830366000034,2243.015625,0.0],[-120.71293970299996,39.70262881300005,2226.53125,0.0],[-120.71355899799994,39.701294207000046,2209.63671875,0.0],[-120.70504101599994,39.69662007100004,2162.484375,0.0],[-120.70698312999997,39.694782807000024,2192.5,0.0],[-120.70611702099995,39.692636366000045,2212.3515625,0.0],[-120.69795791199999,39.69226566400005,2246.625,0.0],[-120.70588461199998,39.69225073100006,2217.30859375,0.0],[-120.69774312999999,39.69220056000006,2248.19921875,0.0],[-120.70584942899995,39.69207935000003,2217.7578125,0.0],[-120.69717363299998,39.69180698300005,2250.80078125,0.0],[-120.70560420599998,39.69170026100005,2216.015625,0.0],[-120.69712398999997,39.69103249600005,2250.9921875,0.0],[-120.70546766099994,39.69081901900006,2216.5703125,0.0],[-120.69699376499995,39.690692230000025,2250.19921875,0.0],[-120.70539667899999,39.69000205000003,2209.6796875,0.0],[-120.69691348199996,39.68990925300005,2248.37109375,0.0],[-120.70533402099994,39.68989271700008,2209.56640625,0.0],[-120.69666549199997,39.689313499000036,2246.53515625,0.0],[-120.70187635399998,39.689030210000055,2233.359375,0.0],[-120.69639216499996,39.68894342700003,2243.90234375,0.0],[-120.70176691799998,39.68892667800003,2233.45703125,0.0],[-120.69619759399995,39.688738546000025,2242.8671875,0.0],[-120.68979382699996,39.682674517000066,2236.93359375,0.0],[-120.68689542499999,39.68227576700008,2258.71875,0.0],[-120.68916827099997,39.68223859700004,2239.1328125,0.0],[-120.68243400799997,39.68110913600003,2282.23828125,0.0],[-120.68289944599996,39.679569650000076,2273.45703125,0.0],[-120.68044446899995,39.67747317100003,2242.83203125,0.0],[-120.68258202599998,39.67122211000003,2234.328125,0.0],[-120.68275382299998,39.666129872000056,2222.02734375,0.0],[-120.67486889199995,39.66237713100003,2154.32421875,0.0],[-120.67646700699999,39.66234672300004,2165.59375,0.0],[-120.67206059999995,39.66226293300008,2173.33203125,0.0],[-120.67612194199995,39.662145665000025,2164.98828125,0.0],[-120.67247709499998,39.661922754000045,2174.1484375,0.0],[-120.67376792199997,39.66187473900004,2167.19921875,0.0],[-120.67293195699995,39.66058048300005,2191.40625,0.0],[-120.67027643999995,39.66019969200005,2237.2734375,0.0],[-120.67239722699998,39.660075591000066,2211.66796875,0.0],[-120.66876114499996,39.65792436700008,2255.87890625,0.0],[-120.66837453699998,39.650247325000066,2261.609375,0.0],[-120.66414928999995,39.64946047400008,2183.9296875,0.0],[-120.66884726299998,39.64897004900007,2254.109375,0.0],[-120.66182884399996,39.64786221300005,2161.0390625,0.0],[-120.65894999999995,39.64312000000007,2118.484375,0.0],[-120.65954999999997,39.641980000000046,2091.51171875,0.0],[-120.65816999999998,39.64193000000006,2096.5390625,0.0],[-120.66048999999998,39.64127000000008,2086.93359375,0.0],[-120.66197999999997,39.638190000000066,2071.21875,0.0],[-120.65662999999995,39.63582000000008,2026.82421875,0.0],[-120.65793999999994,39.635620000000074,2018.48828125,0.0],[-120.65730999999994,39.63481000000007,2004.046875,0.0],[-120.65848999999997,39.63388000000003,1991.27734375,0.0],[-120.65699999999998,39.631170000000054,1969.30859375,0.0],[-120.65227999999996,39.62916000000007,1887.578125,0.0],[-120.65539999999999,39.62825000000004,1925.3203125,0.0],[-120.65227999999996,39.62823000000003,1881.41796875,0.0],[-120.65170999999998,39.62612000000007,1871.5625,0.0],[-120.64964423899994,39.62540868700006,1869.30859375,0.0],[-120.65167969999999,39.623580007000044,1887.8203125,0.0],[-120.64997146799999,39.62188812000005,1918.234375,0.0],[-120.65152614399994,39.620980443000064,1928.2109375,0.0],[-120.65048234499994,39.62078439100003,1941.31640625,0.0],[-120.65163259399998,39.62064491600006,1939.30078125,0.0],[-120.65085676499996,39.62018416300003,1949.2265625,0.0],[-120.65306036699997,39.616087675000074,1981.08984375,0.0],[-120.65209569399997,39.61544050800006,2002.265625,0.0],[-120.65442326499999,39.61095660900003,2052.23828125,0.0],[-120.65950035099996,39.610767011000064,2100.9140625,0.0],[-120.65428940599998,39.610755192000056,2055.4609375,0.0],[-120.66012312699996,39.61059920500003,2107.62890625,0.0],[-120.65434908499998,39.60972162000007,2056.73828125,0.0],[-120.66077113099999,39.609177215000045,2148.52734375,0.0],[-120.65552221599995,39.60905567700007,2058.296875,0.0],[-120.66033124899997,39.60894646100007,2151.79296875,0.0],[-120.65565632699997,39.60870841500008,2061.3125,0.0],[-120.66098025999997,39.60786963800007,2166.35546875,0.0],[-120.66084623299997,39.60599049900003,2169.5390625,0.0],[-120.66212598199996,39.60592453400005,2220.5703125,0.0],[-120.66091211499997,39.60578162200005,2172.59765625,0.0],[-120.66231314999999,39.60507402200005,2223.84765625,0.0],[-120.66118486199997,39.60071769500007,2252.4765625,0.0],[-120.66464851999996,39.59878239600005,2244.45703125,0.0],[-120.66177896699998,39.58878296600005,2181.4609375,0.0],[-120.61303586999998,39.588026685000045,1576.33984375,0.0],[-120.65764081299994,39.587929591000034,2171.2734375,0.0],[-120.612871042,39.58788109200003,1574.93359375,0.0],[-120.65732497099998,39.58774544800008,2175.30078125,0.0],[-120.61302484999999,39.58759364300005,1586.90234375,0.0],[-120.65698901399998,39.58742459500007,2161.46875,0.0],[-120.61291715099998,39.58741157700007,1583.9375,0.0],[-120.65683741899994,39.587333571000045,2156.1953125,0.0],[-120.61190262599996,39.586716583000054,1547.57421875,0.0],[-120.64846418699995,39.58659774600005,2117.16796875,0.0],[-120.61340469799995,39.58659527300006,1616.609375,0.0],[-120.61178344799998,39.58651251500004,1548.14453125,0.0],[-120.64838693799999,39.586401970000054,2108.1796875,0.0],[-120.61198621399996,39.586391228000025,1563.10546875,0.0],[-120.64819154899999,39.58608142400004,2103.1953125,0.0],[-120.61122266199999,39.58549478400005,1531.66796875,0.0],[-120.64850115799999,39.584932054000035,2054.6953125,0.0],[-120.61111390199994,39.58477392400005,1538.58203125,0.0],[-120.64827630999997,39.584269998000025,2049.07421875,0.0],[-120.61099462599998,39.58404319400006,1544.7421875,0.0],[-120.64807078299998,39.58388904800006,2051.87109375,0.0],[-120.61090339299994,39.58380815700008,1531.5546875,0.0],[-120.64757579599996,39.58328179700004,2021.14453125,0.0],[-120.61068581599994,39.58323844500006,1513.08984375,0.0],[-120.64678158699996,39.58252401500005,2022.90625,0.0],[-120.61059699599997,39.582205378000026,1520.93359375,0.0],[-120.64617287099998,39.58206721600004,2012.6484375,0.0],[-120.61031510499998,39.581961275000026,1517.9140625,0.0],[-120.64563730999998,39.58181241700004,2009.30078125,0.0],[-120.61024837099995,39.58171863200005,1509.1796875,0.0],[-120.63990601499995,39.58142201800007,1984.7890625,0.0],[-120.60995857399996,39.58128456000003,1480.0859375,0.0],[-120.63955083299999,39.58120481200007,1988.703125,0.0],[-120.60755378199997,39.580363944000055,1426.9140625,0.0],[-120.63865929399998,39.580354062000026,1998.0546875,0.0],[-120.60638943099997,39.58015539300004,1455.15234375,0.0],[-120.63864560299999,39.58003966700005,1988.37890625,0.0],[-120.60581387599996,39.58002006000004,1468.04296875,0.0],[-120.63928144399995,39.579668456000036,1938.8046875,0.0],[-120.60550715499994,39.57957606300005,1468.6875,0.0],[-120.63927860899997,39.57950113700008,1939.16796875,0.0],[-120.60506909899999,39.57937817800007,1478.328125,0.0],[-120.63897927399995,39.578838087000065,1938.2578125,0.0],[-120.60500852099995,39.57870618700008,1483.96875,0.0],[-120.63882467599996,39.578665716000046,1939.80078125,0.0],[-120.60496152299999,39.57855017900005,1485.5078125,0.0],[-120.63835905999997,39.57791587300005,1928.4453125,0.0],[-120.604660852,39.577688832000035,1493.078125,0.0],[-120.63831378099997,39.577546719000054,1915.98046875,0.0],[-120.60464372499996,39.57750632200003,1491.2109375,0.0],[-120.63825865499996,39.57740659800004,1912.49609375,0.0],[-120.60450399499996,39.577321581000035,1492.5234375,0.0],[-120.61252048499995,39.57675116900003,1396.79296875,0.0],[-120.60419063799998,39.57656029300006,1482.9140625,0.0],[-120.61255640799999,39.57654826400005,1390.015625,0.0],[-120.60403292699999,39.57633080000005,1485.97265625,0.0],[-120.59788447299997,39.57035787700005,1463.9921875,0.0],[-120.59937943699998,39.570345161000034,1462.671875,0.0],[-120.59374531099996,39.56938909400003,1479.36328125,0.0],[-120.59110290199999,39.56641848100003,1468.3046875,0.0],[-120.58937772999997,39.56636163400003,1472.3984375,0.0],[-120.59091276099997,39.566108806000045,1457.55859375,0.0],[-120.58680859199995,39.565465792000055,1466.91796875,0.0],[-120.58828166799998,39.56542220000006,1461.546875,0.0],[-120.57974540199996,39.56036594300008,1507.27734375,0.0],[-120.57617816199996,39.55120322700003,1546.40625,0.0],[-120.57707155199995,39.55111462700006,1550.35546875,0.0],[-120.57592829199996,39.55088559500007,1557.6953125,0.0],[-120.57642463499997,39.54987007900007,1556.2109375,0.0],[-120.572710573,39.54312903300007,1637.66796875,0.0],[-120.56991696299997,39.54276464900005,1652.69140625,0.0],[-120.57213045399999,39.542510511000046,1645.46484375,0.0],[-120.57001757599994,39.54239585000005,1666.42578125,0.0],[-120.57152945499996,39.542194868000024,1655.72265625,0.0],[-120.56801190799996,39.54118161700006,1690.17578125,0.0],[-120.56558059799994,39.53867760600008,1716.203125,0.0],[-120.56726208799995,39.53856342800003,1772.3359375,0.0],[-120.56551716999996,39.53850996700004,1718.43359375,0.0],[-120.56714020199996,39.538312903000076,1776.296875,0.0],[-120.56620789899995,39.53469682800005,1812.1796875,0.0],[-120.57263399199996,39.533851767000044,1871.49609375,0.0],[-120.56795274799998,39.53330525000007,1818.90234375,0.0],[-120.57364501799998,39.53311825700007,1929.296875,0.0],[-120.56794417399999,39.53288805700004,1831.78125,0.0],[-120.57391597599997,39.53266652700006,1935.5859375,0.0],[-120.56849687199997,39.53264923200004,1837.08984375,0.0],[-120.57403508799996,39.53238393000004,1940.89453125,0.0],[-120.57135348599996,39.53228992700008,1866.7578125,0.0],[-120.57406530899999,39.53206032700007,1942.8828125,0.0],[-120.57227035499994,39.53150467900008,1905.921875,0.0],[-120.57391528099998,39.53116851100003,1948.66796875,0.0],[-120.57318738099997,39.52948080800007,1968.77734375,0.0],[-120.571501652,39.52936070700008,1970.078125,0.0],[-120.57307096799997,39.52931462500004,1968.46875,0.0],[-120.56536273699999,39.52736689100004,1965.71484375,0.0],[-120.56858249299995,39.527242744000034,1990.0234375,0.0],[-120.56544321599995,39.526472617000024,1970.45703125,0.0],[-120.56889946799998,39.52645331900004,1979.87109375,0.0],[-120.56539173099998,39.526284721000025,1968.34375,0.0],[-120.56239812099994,39.523518695000064,1954.86328125,0.0],[-120.55621243099995,39.523136614000066,1892.65625,0.0],[-120.56183629499998,39.52303754900004,1945.52734375,0.0],[-120.55374817099994,39.52295940000005,1899.30859375,0.0],[-120.56153092899996,39.52266928900008,1934.1796875,0.0],[-120.55343267799998,39.52265379200003,1900.11328125,0.0],[-120.56142152299998,39.52248633000005,1930.0703125,0.0],[-120.55272303899994,39.522251323000035,1898.1796875,0.0],[-120.56044542799998,39.52215946000007,1936.93359375,0.0],[-120.55239948499997,39.52195603900003,1898.56640625,0.0],[-120.56002435399995,39.52164617700004,1929.44140625,0.0],[-120.55208213299994,39.521468569000035,1900.9765625,0.0],[-120.55967830799995,39.521433881000064,1920.94140625,0.0],[-120.55168671399997,39.521120961000065,1902.80859375,0.0],[-120.547820463,39.51682168900004,1902.3515625,0.0],[-120.53215100099999,39.508996549000074,1928.8984375,0.0],[-120.527059125,39.504358436000075,1896.26953125,0.0],[-120.52995907599995,39.499317692000034,1919.17578125,0.0],[-120.52697686299996,39.49384769400007,1972.01171875,0.0],[-120.52646014499999,39.48965944100007,1983.23828125,0.0],[-120.523705227,39.48711719100004,2015.04296875,0.0],[-120.51836085899998,39.47733055500004,2107.87109375,0.0],[-120.51919452599998,39.47180053000005,2143.65234375,0.0],[-120.50480009899997,39.471175336000044,2226.8828125,0.0],[-120.51863780199994,39.47101175800003,2160.26171875,0.0],[-120.49902401899999,39.470784467000044,2181.98828125,0.0],[-120.51834778399996,39.47077145500003,2167.63671875,0.0],[-120.49886028499998,39.47051155100007,2182.8515625,0.0],[-120.51823453599997,39.470099652000044,2171.50390625,0.0],[-120.49378560799994,39.469872433000035,2231.7265625,0.0],[-120.51798353099997,39.46964572200005,2168.95703125,0.0],[-120.49388292499998,39.46960883400004,2237.58203125,0.0],[-120.51781295099994,39.469532239000046,2167.23046875,0.0],[-120.47960026799996,39.46823261600008,2396.21875,0.0],[-120.49543512899999,39.46775650500007,2250.21875,0.0],[-120.47884486799995,39.46759276700004,2398.8515625,0.0],[-120.49553104699999,39.46758172300008,2249.20703125,0.0],[-120.47610630699995,39.46637623200007,2402.9296875,0.0],[-120.49082002899996,39.46629169600004,2281.421875,0.0],[-120.47587601199996,39.46614123900008,2402.609375,0.0],[-120.46881070499995,39.455739298000026,2452.078125,0.0],[-120.46570235599995,39.45490616500007,2464.46484375,0.0],[-120.46548375299994,39.45299601800008,2447.57421875,0.0],[-120.46641585699996,39.452775314000064,2429.9296875,0.0],[-120.46404748399999,39.45092464600003,2382.8515625,0.0],[-120.46527589799996,39.45091185000007,2375.8828125,0.0],[-120.46294156099998,39.45091156400008,2384.00390625,0.0],[-120.46472773099998,39.45069706000004,2368.625,0.0],[-120.46188017699995,39.44796126600005,2334.7734375,0.0],[-120.46430760399994,39.43891283000005,2393.125,0.0],[-120.46519974599994,39.43888554900008,2393.53515625,0.0],[-120.46426805899995,39.43877452100003,2394.82421875,0.0],[-120.46660782599997,39.43742803400005,2419.90625,0.0],[-120.46403043699996,39.43635273700005,2416.58203125,0.0],[-120.46339484199996,39.43475896000007,2442.29296875,0.0],[-120.42342807499995,39.43390309200004,2392.76953125,0.0],[-120.46325792899995,39.43362424600008,2451.17578125,0.0],[-120.42233745899995,39.43361848500007,2397.60546875,0.0],[-120.46314562699996,39.43354751500004,2452.7421875,0.0],[-120.42209389599998,39.43343191800005,2395.25390625,0.0],[-120.46153553999994,39.43323356600007,2468.5859375,0.0],[-120.42165474799998,39.43312720700004,2390.1328125,0.0],[-120.46049263199995,39.43304139300005,2480.85546875,0.0],[-120.42610634899995,39.432896173000074,2376.01171875,0.0],[-120.45816801599995,39.432871582000075,2487.9140625,0.0],[-120.421528164,39.43250418400004,2387.5234375,0.0],[-120.45570037099998,39.43208418200004,2489.41796875,0.0],[-120.42131540799994,39.43109517100004,2393.640625,0.0],[-120.45516758299999,39.43067967600007,2471.20703125,0.0],[-120.42199572599998,39.43053971000006,2398.16796875,0.0],[-120.45515555699996,39.42971085800008,2465.0,0.0],[-120.42161598199999,39.42914132300007,2414.19921875,0.0],[-120.45563777399997,39.42898744900003,2460.1171875,0.0],[-120.42165435299995,39.42861302600005,2423.94921875,0.0],[-120.45584014099995,39.42855697300007,2452.87890625,0.0],[-120.42145483899998,39.42825534200006,2429.80859375,0.0],[-120.45579405199999,39.42825284800006,2446.484375,0.0],[-120.42152305499997,39.42803886100006,2429.96875,0.0],[-120.45425972799995,39.427464601000054,2418.87890625,0.0],[-120.42086183899994,39.42707468000003,2438.5703125,0.0],[-120.45405315,39.42700916800004,2414.09765625,0.0],[-120.4208324,39.42686882700008,2439.03125,0.0],[-120.45405889099999,39.426604250000025,2411.48046875,0.0],[-120.41992900599996,39.42624774600006,2442.12890625,0.0],[-120.45419935499996,39.42619973600006,2408.19921875,0.0],[-120.41788371999996,39.42582734400003,2454.859375,0.0],[-120.45421220999998,39.42563830000006,2397.9765625,0.0],[-120.41816375699995,39.42542528800004,2459.50390625,0.0],[-120.45409863199995,39.42519504300003,2389.796875,0.0],[-120.41831622799998,39.42517802900005,2458.4921875,0.0],[-120.453989063,39.42494738600004,2389.4296875,0.0],[-120.41862979899997,39.42490379100008,2457.0546875,0.0],[-120.45391162099997,39.42450845500008,2384.34375,0.0],[-120.41909116899996,39.424298229000044,2458.82421875,0.0],[-120.45369758399994,39.42406561700005,2378.26171875,0.0],[-120.41938321199996,39.42348094100004,2459.88671875,0.0],[-120.45339826999998,39.422964679000074,2366.42578125,0.0],[-120.41950952999997,39.42288733500004,2466.19921875,0.0],[-120.45174300499997,39.42286845900003,2338.5390625,0.0],[-120.45079740699998,39.42282989800003,2329.703125,0.0],[-120.41936321599997,39.42271152600006,2468.7421875,0.0],[-120.452603695,39.422389406000036,2347.0703125,0.0],[-120.41920226399998,39.42235770700006,2468.41796875,0.0],[-120.45343872599994,39.422094737000066,2358.99609375,0.0],[-120.41908028899996,39.422044465000056,2468.296875,0.0],[-120.45322599099995,39.42191929200004,2354.64453125,0.0],[-120.41880549799998,39.42183380300003,2468.4296875,0.0],[-120.45339094899998,39.42182522500008,2355.4609375,0.0],[-120.41862361799997,39.42162431700007,2472.05859375,0.0],[-120.41477736999997,39.419745910000074,2462.96484375,0.0],[-120.40416153599995,39.419731702000036,2421.12109375,0.0],[-120.414149367,39.41947592100007,2464.25390625,0.0],[-120.40433173899999,39.419470226000044,2425.3828125,0.0],[-120.41397890799999,39.41945827100005,2463.44921875,0.0],[-120.40531924399994,39.419395071000054,2430.8515625,0.0],[-120.41284475999998,39.41931481100005,2462.12109375,0.0],[-120.403096286,39.41835133600006,2397.08984375,0.0],[-120.40620999599997,39.418274379000025,2407.20703125,0.0],[-120.40220749299999,39.41783811400006,2393.1328125,0.0],[-120.40214515299999,39.41512503900003,2350.625,0.0],[-120.39968061299999,39.413356520000036,2333.30078125,0.0],[-120.39922409299999,39.41083714600006,2326.328125,0.0],[-120.39413331299994,39.410585404000074,2369.1796875,0.0],[-120.39913598099997,39.41055038500008,2327.88671875,0.0],[-120.39112351399996,39.40956732200004,2417.56640625,0.0],[-120.39418284599998,39.40837839900007,2390.03125,0.0],[-120.39136483299995,39.40822400600007,2443.765625,0.0],[-120.394213133,39.408206507000045,2393.19140625,0.0],[-120.39143432099996,39.40790081800003,2444.97265625,0.0],[-120.39441760599999,39.407746039000074,2404.0,0.0],[-120.38058353699995,39.403524928000024,2358.13671875,0.0],[-120.37735150499998,39.40112858700007,2327.07421875,0.0],[-120.37656115799996,39.39563588100003,2323.12109375,0.0],[-120.37953444399994,39.395538970000075,2353.20703125,0.0],[-120.37620423699997,39.39550395100008,2323.26171875,0.0],[-120.37997000699994,39.39550116400005,2360.5,0.0],[-120.37614463399996,39.39544564400006,2323.41796875,0.0],[-120.38054576599995,39.39513976100005,2370.51171875,0.0],[-120.37694065,39.39301835800006,2408.13671875,0.0],[-120.37775642899999,39.39247487700004,2418.05859375,0.0],[-120.37594061899995,39.39235789000003,2437.53125,0.0],[-120.37826759499995,39.392173107000076,2424.578125,0.0],[-120.37510388599998,39.39119890600006,2494.8828125,0.0],[-120.37724266899994,39.39031924600005,2459.125,0.0],[-120.37471962399997,39.38996092600007,2514.89453125,0.0],[-120.37683048999997,39.389737215000025,2472.5078125,0.0],[-120.37385960899996,39.389631861000055,2530.78125,0.0],[-120.37337372899998,39.38414801000005,2560.36328125,0.0],[-120.37141227699999,39.38255253700004,2551.3671875,0.0],[-120.37086834499996,39.37838560100005,2512.80859375,0.0],[-120.36727663899995,39.37599412000003,2459.6640625,0.0],[-120.36862716799999,39.37444065200003,2439.1015625,0.0],[-120.36809027999999,39.37200153900005,2410.09765625,0.0],[-120.36666630099995,39.371826001000045,2407.73828125,0.0],[-120.36776999999995,39.36888000000005,2386.01953125,0.0],[-120.36706376699999,39.36714685900006,2389.77734375,0.0],[-120.36496421899994,39.366405867000026,2409.6875,0.0],[-120.36478124099995,39.359720733000074,2415.1640625,0.0],[-120.36035443699996,39.35963606000007,2367.7421875,0.0],[-120.36481783399995,39.35951214700003,2414.3203125,0.0],[-120.35953435199997,39.35929340800004,2364.0546875,0.0],[-120.36479924899999,39.35922116000006,2418.0546875,0.0],[-120.35857016999995,39.35882937000008,2353.8828125,0.0],[-120.36498651699998,39.35881842100008,2418.58203125,0.0],[-120.35802435099998,39.35865213000005,2355.1328125,0.0],[-120.36492522499998,39.358403578000036,2413.953125,0.0],[-120.35661474999995,39.35818585100003,2343.8671875,0.0],[-120.36477315399998,39.35808389600004,2402.3515625,0.0],[-120.35646935899996,39.35805514300006,2343.01953125,0.0],[-120.36496655999997,39.35794273800008,2406.54296875,0.0],[-120.35549010999995,39.35774425100004,2338.65234375,0.0],[-120.35039253199994,39.34562494200003,2242.98046875,0.0],[-120.33904276199996,39.34546017900004,2229.0,0.0],[-120.35007336099994,39.34532751100005,2240.703125,0.0],[-120.33836696799995,39.345260764000045,2229.875,0.0],[-120.35002595499998,39.345163300000024,2239.1953125,0.0],[-120.33799300299995,39.34500210900006,2227.81640625,0.0],[-120.34758420499998,39.34493375200003,2235.9921875,0.0],[-120.33715397699996,39.34450677900003,2221.3046875,0.0],[-120.34626420799998,39.344034548000025,2232.97265625,0.0],[-120.33639607199996,39.34398911000005,2210.26171875,0.0],[-120.34612113199995,39.34378839900006,2229.17578125,0.0],[-120.33617446299996,39.34376990800007,2207.50390625,0.0],[-120.34585738599998,39.343554691000065,2226.75,0.0],[-120.33621726199999,39.342877171000055,2200.86328125,0.0],[-120.34476252499996,39.34273606600004,2223.87890625,0.0],[-120.33594899799999,39.34246497200007,2197.62109375,0.0],[-120.33516839999999,39.33970880000004,2201.546875,0.0],[-120.33042219999999,39.33802760000003,2195.78515625,0.0],[-120.33274829999999,39.33801280000006,2209.69921875,0.0],[-120.32632179999996,39.337433600000054,2194.4375,0.0],[-120.33081039999996,39.337360200000035,2212.7265625,0.0],[-120.32480739999994,39.33651180000004,2190.453125,0.0],[-120.32530989999998,39.33546110000003,2195.5,0.0],[-120.31999179999997,39.32922570000005,2132.52734375,0.0],[-120.32077559999999,39.32804190000007,2157.09375,0.0],[-120.319549,39.32789920000005,2166.2734375,0.0],[-120.32099349999999,39.32787940000003,2167.25390625,0.0],[-120.31961879999994,39.327374200000065,2180.6796875,0.0],[-120.32200459999996,39.323682000000076,2207.2890625,0.0],[-120.32024639999997,39.32281000000006,2186.265625,0.0],[-120.32132049999996,39.32267650000006,2171.078125,0.0],[-120.32057699999996,39.32125770000005,2146.58984375,0.0],[-120.32725879999998,39.31476660000004,2159.59765625,0.0],[-120.32534139999996,39.314369200000044,2160.19140625,0.0],[-120.32679479999996,39.31436480000008,2160.2890625,0.0],[-120.32551589999997,39.314348100000075,2162.0,0.0],[-120.32672219999995,39.31433590000006,2161.19140625,0.0],[-120.32562249999995,39.31366760000003,2199.5625,0.0],[-120.32615449999997,39.311747000000025,2222.0625,0.0],[-120.3223817,39.30815680000006,2299.6171875,0.0],[-120.322206,39.301474100000064,2346.734375,0.0],[-120.32021649999996,39.30064040000008,2373.24609375,0.0],[-120.31892409999995,39.29790940000004,2393.66796875,0.0],[-120.32352309999999,39.28971830000006,2443.33984375,0.0],[-120.32315609999995,39.28708110000008,2444.80859375,0.0],[-120.31789909999998,39.284308200000055,2384.875,0.0],[-120.31948829999999,39.28403890000004,2423.70703125,0.0],[-120.31709829999994,39.283614800000066,2367.1171875,0.0],[-120.31955989999994,39.28338180000003,2417.05078125,0.0],[-120.31596979999995,39.28315930000008,2357.75,0.0],[-120.31986619999998,39.28288560000004,2414.8671875,0.0],[-120.31543539999996,39.28278590000008,2355.72265625,0.0],[-120.319662,39.28276900000003,2408.6328125,0.0],[-120.31528519999995,39.282738100000074,2355.46875,0.0],[-120.32002999999997,39.282731400000046,2414.01171875,0.0],[-120.31374259999996,39.28176330000008,2366.2421875,0.0],[-120.30961919999999,39.27304810000004,2439.84375,0.0],[-120.30314849999996,39.27047500000003,2465.84375,0.0],[-120.30416509999998,39.27044470000004,2443.66796875,0.0],[-120.29704829999997,39.26423700000004,2502.6484375,0.0],[-120.29750689999997,39.26156630000003,2518.91015625,0.0],[-120.30093559999995,39.25915950000007,2519.67578125,0.0],[-120.30046509999994,39.25699380000003,2508.84375,0.0],[-120.29495459999998,39.25601560000007,2552.2265625,0.0],[-120.28974229999994,39.25315210000008,2601.0625,0.0],[-120.28609489999997,39.24777850000004,2642.984375,0.0],[-120.27972829999999,39.24354790000007,2606.7109375,0.0],[-120.28180799999996,39.24253090000008,2558.78515625,0.0],[-120.27981089999997,39.24246550000004,2587.78125,0.0],[-120.28230939999997,39.24222140000006,2546.68359375,0.0],[-120.27977319999997,39.24204350000008,2586.90625,0.0],[-120.28273289999998,39.24189460000008,2539.5234375,0.0],[-120.28599259999999,39.239232800000025,2471.0,0.0],[-120.28241079999998,39.23904380000005,2443.69140625,0.0],[-120.28588189999999,39.23903830000006,2464.8671875,0.0],[-120.28200099999998,39.23879930000004,2441.98828125,0.0],[-120.28395279999995,39.238548500000036,2459.33984375,0.0],[-120.28163189999998,39.238534300000026,2437.65234375,0.0],[-120.283661,39.23839120000008,2452.72265625,0.0],[-120.28133269999995,39.23827700000004,2439.19921875,0.0],[-120.27902359999996,39.23642160000003,2426.546875,0.0],[-120.28034589999999,39.23332530000005,2386.875,0.0],[-120.27669479999997,39.23116780000004,2367.54296875,0.0],[-120.27731089999997,39.22906640000008,2335.69140625,0.0],[-120.27603419999997,39.22626260000004,2317.5390625,0.0],[-120.27727409999994,39.223848900000064,2352.265625,0.0],[-120.27626109999994,39.223842200000036,2339.36328125,0.0],[-120.27729799999997,39.22383130000003,2353.52734375,0.0],[-120.27630179999994,39.223667300000045,2343.94921875,0.0],[-120.27740589999996,39.22354670000004,2363.32421875,0.0],[-120.27620859999996,39.223419000000035,2348.6875,0.0],[-120.27769919999997,39.222546600000044,2376.09765625,0.0],[-120.27687249999997,39.22026020000004,2400.046875,0.0],[-120.27774039999997,39.21897780000006,2398.421875,0.0],[-120.27605509999995,39.21418010000008,2478.265625,0.0],[-120.27703889999998,39.213442400000076,2476.6484375,0.0],[-120.27565289999995,39.207440500000075,2514.06640625,0.0],[-120.28166739999995,39.202355400000044,2561.06640625,0.0],[-120.28215949999998,39.20022130000007,2550.0,0.0],[-120.28086589999998,39.199524600000075,2532.08203125,0.0],[-120.28241999999995,39.19801860000007,2571.9765625,0.0],[-120.28167699999995,39.196604500000035,2593.22265625,0.0],[-120.28361059999997,39.19502460000007,2589.41796875,0.0],[-120.28281289999995,39.19366110000004,2555.484375,0.0],[-120.28603799999996,39.192274800000064,2510.07421875,0.0],[-120.28536029999998,39.18907120000006,2477.76171875,0.0],[-120.28963879999998,39.18300970000007,2426.6328125,0.0],[-120.28608229999998,39.18125010000006,2360.6015625,0.0],[-120.28791499999994,39.18112220000006,2402.34765625,0.0],[-120.28574059999994,39.18100060000006,2348.38671875,0.0],[-120.28776429999999,39.18087840000004,2405.12109375,0.0],[-120.28419249999996,39.18083100000007,2327.72265625,0.0],[-120.28782529999995,39.18082670000007,2407.6953125,0.0],[-120.28405469999996,39.18066970000007,2328.1796875,0.0],[-120.28523909999996,39.18061400000005,2338.46484375,0.0],[-120.27894609999998,39.173285700000065,2227.47265625,0.0],[-120.25532839999994,39.17233200000004,2294.72265625,0.0],[-120.27524249999999,39.17210480000006,2197.265625,0.0],[-120.25340609999995,39.171652100000074,2350.91015625,0.0],[-120.27326289999996,39.17150330000004,2199.09765625,0.0],[-120.25288489999997,39.17080630000004,2381.546875,0.0],[-120.27213649999999,39.17051870000006,2170.87890625,0.0],[-120.25336629999998,39.17027580000007,2386.01953125,0.0],[-120.27141179999995,39.17004330000003,2164.3515625,0.0],[-120.25348849999995,39.170021500000075,2392.8515625,0.0],[-120.27091059999998,39.16962760000007,2164.83984375,0.0],[-120.25337909999996,39.16957700000006,2412.28125,0.0],[-120.27059789999998,39.169478800000036,2164.83984375,0.0],[-120.25352829999997,39.16931240000008,2417.32421875,0.0],[-120.27021479999996,39.16916530000003,2171.5703125,0.0],[-120.25372829999998,39.16915360000007,2417.10546875,0.0],[-120.27002069999998,39.16872530000006,2161.40234375,0.0],[-120.25411809999997,39.168722400000036,2419.453125,0.0],[-120.26975859999999,39.16833690000004,2168.16796875,0.0],[-120.25461639999997,39.167980800000066,2428.58203125,0.0],[-120.26933609999998,39.16786620000005,2169.1640625,0.0],[-120.25487319999996,39.16753570000003,2431.9453125,0.0],[-120.26899379999998,39.167385900000056,2175.5703125,0.0],[-120.25515389999998,39.16726330000006,2430.47265625,0.0],[-120.26847959999998,39.16697320000003,2175.53515625,0.0],[-120.25452489999998,39.16605120000003,2481.34765625,0.0],[-120.25601339999997,39.165384000000074,2450.36328125,0.0],[-120.25387309999996,39.163545000000056,2531.5234375,0.0],[-120.25113829999998,39.15856910000008,2541.83203125,0.0],[-120.25088719999997,39.15488560000006,2548.0546875,0.0],[-120.24880919999998,39.152959800000076,2544.01953125,0.0],[-120.2493763,39.14948890000005,2565.59375,0.0],[-120.24726549999997,39.14641160000008,2550.33203125,0.0],[-120.24705899999998,39.140743900000075,2524.49609375,0.0],[-120.24399719999997,39.13371140000004,2541.64453125,0.0],[-120.24576379999996,39.127202200000056,2501.08203125,0.0],[-120.24778699999996,39.12591540000005,2524.28125,0.0],[-120.24668659999998,39.12576130000008,2515.9765625,0.0],[-120.24777789999996,39.12446790000007,2537.61328125,0.0],[-120.23762269999997,39.11184950000006,2565.16015625,0.0],[-120.23711359999999,39.10654510000006,2543.1328125,0.0],[-120.23490509999999,39.10472710000005,2529.0859375,0.0],[-120.23621279999998,39.104003800000044,2546.57421875,0.0],[-120.23486039999995,39.103694200000064,2494.796875,0.0],[-120.23662509999997,39.103694000000075,2539.89453125,0.0],[-120.23371089999995,39.103433100000075,2453.78125,0.0],[-120.23827359999996,39.10268650000006,2513.0546875,0.0],[-120.23420839999994,39.10255550000005,2407.0546875,0.0],[-120.23843599999998,39.10247910000004,2513.21484375,0.0],[-120.23463879999997,39.10228810000007,2409.58984375,0.0],[-120.23737849999998,39.10214010000004,2475.1328125,0.0],[-120.23485289999996,39.10209800000007,2408.546875,0.0],[-120.23829849999998,39.099194700000055,2371.8671875,0.0],[-120.24159239999994,39.09827700000005,2391.95703125,0.0],[-120.24160859999995,39.09588990000003,2380.0234375,0.0],[-120.24427539999999,39.092701100000056,2468.90234375,0.0],[-120.24289259999995,39.09260210000008,2428.05859375,0.0],[-120.24494069999997,39.092370800000026,2478.81640625,0.0],[-120.24288089999999,39.09229890000006,2428.796875,0.0],[-120.24509639999997,39.092215200000055,2481.40625,0.0],[-120.24293779999999,39.092151200000046,2432.33203125,0.0],[-120.24665289999996,39.09103090000008,2477.66796875,0.0],[-120.24494809999999,39.08947150000006,2491.05859375,0.0],[-120.24622569999997,39.08942570000005,2504.25390625,0.0],[-120.24349339999998,39.08942530000007,2521.625,0.0],[-120.24566489999995,39.089329700000064,2502.49609375,0.0],[-120.24376909999995,39.089224400000035,2518.21875,0.0],[-120.24501989999999,39.08918390000008,2505.58984375,0.0],[-120.24399179999995,39.08897930000006,2518.640625,0.0],[-120.24803509999998,39.08367140000007,2511.33203125,0.0],[-120.24540659999997,39.08212290000006,2456.1328125,0.0],[-120.24660469999998,39.08207730000004,2467.55859375,0.0],[-120.24535739999999,39.08195720000003,2454.13671875,0.0],[-120.24312889999999,39.07844670000003,2416.59765625,0.0],[-120.24051959999997,39.077931300000046,2399.7109375,0.0],[-120.24251129999999,39.07791960000003,2404.47265625,0.0],[-120.23527719999998,39.07732720000007,2353.1875,0.0],[-120.23886739999995,39.07694470000007,2368.87109375,0.0],[-120.2351746,39.07694350000003,2347.76171875,0.0],[-120.23858019999994,39.07679570000005,2365.6953125,0.0],[-120.23545339999998,39.07673090000003,2345.5625,0.0],[-120.23774949999995,39.07668170000005,2370.1171875,0.0],[-120.23434839999999,39.07622610000004,2332.47265625,0.0],[-120.23363159999997,39.074911900000075,2338.87109375,0.0],[-120.23399339999997,39.07290630000006,2322.83203125,0.0],[-120.23894699999994,39.07018150000005,2278.80078125,0.0],[-120.24334939999994,39.065315500000054,2266.53125,0.0],[-120.24877199999997,39.06333970000003,2228.23828125,0.0],[-120.24764889999994,39.06332240000006,2244.734375,0.0],[-120.24982449999999,39.06153640000008,2219.48828125,0.0],[-120.24958069999997,39.056445600000075,2191.7890625,0.0],[-120.24434639999998,39.051487200000054,2158.1328125,0.0],[-120.24437869999997,39.04924730000005,2145.23046875,0.0],[-120.24670509999999,39.04712090000004,2125.78515625,0.0],[-120.24604049999999,39.04531440000005,2125.94140625,0.0],[-120.23967469999997,39.03849500000007,2162.84765625,0.0],[-120.23398859999998,39.03557100000006,2165.4765625,0.0],[-120.2337968,39.03370630000006,2150.3828125,0.0],[-120.22589649999998,39.03347100000008,2176.19921875,0.0],[-120.23329149999995,39.03340480000003,2149.875,0.0],[-120.22545129999997,39.03327600000006,2182.69921875,0.0],[-120.23305919999996,39.033159900000044,2149.359375,0.0],[-120.22262689999997,39.03272940000005,2179.859375,0.0],[-120.23249409999994,39.032438600000035,2149.62890625,0.0],[-120.21593709999996,39.03228130000008,2191.57421875,0.0],[-120.23204399999997,39.03220360000006,2149.4921875,0.0],[-120.21396719999996,39.03200790000005,2196.91796875,0.0],[-120.231811,39.03198630000003,2148.65234375,0.0],[-120.21379909999996,39.031885800000055,2198.421875,0.0],[-120.21266989999998,39.03087110000007,2206.7734375,0.0],[-120.21373279999995,39.02762730000006,2257.5703125,0.0],[-120.21186479999994,39.025260400000036,2264.625,0.0],[-120.21661759999995,39.01852700000006,2310.70703125,0.0],[-120.21339639999997,39.011277300000074,2306.84375,0.0],[-120.20796419999999,39.00371370000005,2325.30859375,0.0],[-120.20136779999996,39.00200600000005,2343.76171875,0.0],[-120.20285029999997,39.00195230000003,2353.27734375,0.0],[-120.20095009999994,39.00158110000007,2344.9765625,0.0],[-120.19928779999998,38.99778900000007,2368.0859375,0.0],[-120.19486699999999,38.99662100000006,2391.84375,0.0],[-120.19399639999995,38.99365330000006,2385.9609375,0.0],[-120.19111649999996,38.99146790000003,2415.359375,0.0],[-120.18546039999995,38.98185310000008,2474.46484375,0.0],[-120.17884879999997,38.97492710000006,2420.94921875,0.0],[-120.16957409999998,38.96976840000008,2412.15625,0.0],[-120.17214089999999,38.96675520000008,2354.875,0.0],[-120.16982089999999,38.95701930000007,2372.56640625,0.0],[-120.16751629999999,38.95535600000005,2396.28515625,0.0],[-120.16763439999994,38.95198420000003,2414.29296875,0.0],[-120.16010119999999,38.94625120000006,2487.1796875,0.0],[-120.15794329999994,38.94172660000004,2440.59375,0.0],[-120.15535639999996,38.94071610000003,2424.71875,0.0],[-120.15505579999996,38.93956410000004,2413.21484375,0.0],[-120.15700019999997,38.939516500000025,2403.125,0.0],[-120.15533089999997,38.93948890000007,2410.60546875,0.0],[-120.15714839999998,38.938473300000055,2400.203125,0.0],[-120.15436649999998,38.934064300000045,2424.765625,0.0],[-120.14948049999998,38.93348830000008,2441.125,0.0],[-120.15423629999998,38.928887400000065,2516.78515625,0.0],[-120.15619849999996,38.92428570000004,2531.7265625,0.0],[-120.15404569999998,38.92218720000005,2531.2578125,0.0],[-120.15063229999998,38.92177380000004,2543.328125,0.0],[-120.15391839999995,38.921764100000075,2532.0,0.0],[-120.15028979999994,38.92152640000006,2548.18359375,0.0],[-120.15356109999999,38.92143450000003,2529.33984375,0.0],[-120.15018229999998,38.921320800000046,2550.7265625,0.0],[-120.15312009999997,38.92129840000007,2528.796875,0.0],[-120.15018529999998,38.92108710000008,2551.29296875,0.0],[-120.14796279999996,38.91852650000004,2550.37890625,0.0],[-120.1437886,38.91798350000005,2592.44921875,0.0],[-120.14720789999996,38.91741030000003,2550.3515625,0.0],[-120.14118049999996,38.91707640000004,2619.19921875,0.0],[-120.14687989999999,38.91696200000007,2557.67578125,0.0],[-120.14043299999997,38.91669950000005,2629.0078125,0.0],[-120.14667629999997,38.91651390000004,2564.81640625,0.0],[-120.14033289999998,38.91646040000006,2629.46484375,0.0],[-120.14621409999995,38.916014500000074,2573.421875,0.0],[-120.13990969999998,38.91591390000008,2635.2734375,0.0],[-120.14600479999996,38.91589000000005,2575.1953125,0.0],[-120.13966339999996,38.91571790000006,2638.2578125,0.0],[-120.13655429999994,38.91163900000004,2719.76953125,0.0],[-120.13303079999997,38.91154570000003,2793.59765625,0.0],[-120.13624649999997,38.91149660000008,2732.09765625,0.0],[-120.13315289999997,38.911280100000056,2795.55859375,0.0],[-120.13612509999996,38.911099300000046,2739.12109375,0.0],[-120.13321869999999,38.91096200000004,2802.66015625,0.0],[-120.13603989999996,38.91096180000005,2742.8359375,0.0],[-120.1333373,38.91080880000004,2803.80859375,0.0],[-120.1360436,38.910807000000034,2743.19140625,0.0],[-120.13356139999996,38.91027280000003,2814.21484375,0.0],[-120.13535349999995,38.90991810000003,2767.55078125,0.0],[-120.13380859999995,38.90976950000004,2817.30078125,0.0],[-120.13532099999998,38.90958710000007,2771.73828125,0.0],[-120.13384949999994,38.909027200000025,2830.7734375,0.0],[-120.13503379999997,38.905159800000035,2852.703125,0.0],[-120.13882089999998,38.90393970000008,2788.23828125,0.0],[-120.13387049999994,38.90236670000007,2733.69140625,0.0],[-120.13427439999998,38.901357000000075,2690.77734375,0.0],[-120.1220616,38.89207400000004,2580.8828125,0.0],[-120.11342869999999,38.890895500000056,2537.51171875,0.0],[-120.11852889999994,38.89077110000005,2554.28125,0.0],[-120.11345379999995,38.890603800000065,2536.2265625,0.0],[-120.11509729999995,38.88820500000003,2497.35546875,0.0],[-120.11727609999997,38.88818580000003,2463.31640625,0.0],[-120.11504149999996,38.888092200000074,2497.10546875,0.0],[-120.11677039999995,38.88803160000003,2466.5859375,0.0],[-120.11503719999996,38.88764740000005,2492.671875,0.0],[-120.11688159999994,38.88758300000006,2455.43359375,0.0],[-120.11508229999998,38.88753800000006,2489.50390625,0.0],[-120.11832149999998,38.88571030000003,2400.9921875,0.0],[-120.11716259999997,38.88535480000007,2404.5078125,0.0],[-120.12236429999996,38.88466510000006,2371.9296875,0.0],[-120.11973249999994,38.88465750000006,2367.6484375,0.0],[-120.1226696,38.88444350000003,2368.6015625,0.0],[-120.12019409999999,38.884442000000035,2361.94140625,0.0],[-120.12533029999997,38.882600800000034,2383.61328125,0.0],[-120.124372,38.87976560000004,2383.1640625,0.0],[-120.12795239999997,38.879616000000055,2382.20703125,0.0],[-120.12414399999994,38.87958150000003,2381.19921875,0.0],[-120.12822549999999,38.87943260000003,2383.140625,0.0],[-120.12410849999998,38.87936430000008,2381.3828125,0.0],[-120.13004869999997,38.87906400000003,2411.4296875,0.0],[-120.12444489999996,38.879033400000026,2385.47265625,0.0],[-120.13078639999998,38.87876890000007,2420.46875,0.0],[-120.12451339999996,38.87870080000005,2385.6015625,0.0],[-120.13194779999998,38.87865430000005,2426.4453125,0.0],[-120.12476029999999,38.878574600000036,2383.484375,0.0],[-120.14459489999996,38.878450300000054,2458.328125,0.0],[-120.1250657,38.87833990000007,2380.9609375,0.0],[-120.14483949999999,38.87813580000005,2452.65625,0.0],[-120.125205,38.878121700000065,2382.91015625,0.0],[-120.14518029999999,38.87799710000007,2458.83984375,0.0],[-120.12552849999997,38.87786470000003,2385.17578125,0.0],[-120.14522339999996,38.87766710000005,2462.12109375,0.0],[-120.14619929999998,38.87628220000005,2480.17578125,0.0],[-120.14040069999999,38.86960850000003,2481.63671875,0.0],[-120.12976359999999,38.86591550000003,2482.7734375,0.0],[-120.12435419999997,38.860541900000044,2532.20703125,0.0],[-120.11813879999994,38.85728880000005,2543.94921875,0.0],[-120.10978609999995,38.85585910000003,2548.5078125,0.0],[-120.09720439999995,38.84960250000006,2425.734375,0.0],[-120.0920951,38.849287900000036,2392.29296875,0.0],[-120.09642479999997,38.84923470000007,2415.9296875,0.0],[-120.09161169999999,38.84914590000005,2391.84375,0.0],[-120.09610139999995,38.84898070000003,2410.0703125,0.0],[-120.09119959999998,38.84896360000005,2390.75,0.0],[-120.09566799999999,38.84881400000006,2400.24609375,0.0],[-120.09078159999996,38.848749600000076,2389.4765625,0.0],[-120.09494009999997,38.84864550000003,2402.66015625,0.0],[-120.07710269999995,38.84729740000006,2295.15625,0.0],[-120.08744779999995,38.84712700000006,2358.34765625,0.0],[-120.07690609999997,38.84707050000003,2291.7109375,0.0],[-120.08665159999998,38.84700340000006,2350.3125,0.0],[-120.07661429999996,38.84694530000007,2294.32421875,0.0],[-120.08622749999995,38.84687590000004,2343.8984375,0.0],[-120.06230469999997,38.845446200000026,2328.6171875,0.0],[-120.07339559999997,38.84539860000007,2291.59765625,0.0],[-120.06182649999994,38.84537780000005,2330.078125,0.0],[-120.07303699999994,38.845284700000036,2293.3359375,0.0],[-120.06079519999997,38.84521190000004,2329.640625,0.0],[-120.06928399999998,38.84511840000005,2309.66015625,0.0],[-120.06004789999997,38.84476160000003,2319.578125,0.0],[-120.07227189999998,38.844737800000075,2298.9453125,0.0],[-120.05891749999995,38.84423750000008,2316.3203125,0.0],[-120.07104449999997,38.84412150000003,2294.7734375,0.0],[-120.05811029999995,38.84369940000005,2302.87890625,0.0],[-120.05029529999996,38.837726100000054,2286.17578125,0.0],[-120.04403389999999,38.835790700000075,2286.03515625,0.0],[-120.04521659999995,38.83576420000003,2281.359375,0.0],[-120.04210919999997,38.83393700000005,2299.8828125,0.0],[-120.04343909999994,38.832816200000025,2331.05078125,0.0],[-120.04070149999995,38.832179300000064,2339.16015625,0.0],[-120.04030449999999,38.82962820000006,2323.1796875,0.0],[-120.04120179999995,38.82802280000004,2298.4453125,0.0],[-120.04309809999995,38.827801900000054,2292.4296875,0.0],[-120.03855499999997,38.82585240000003,2256.99609375,0.0],[-120.04007699999994,38.82045000000005,2230.64453125,0.0],[-120.03533199999998,38.81613900000008,2272.9140625,0.0],[-120.03617099999997,38.81084100000004,2346.1640625,0.0],[-120.03169109999999,38.80337460000004,2295.99609375,0.0],[-120.03328359999995,38.80204750000007,2301.515625,0.0],[-120.03213359999995,38.80200190000005,2293.796875,0.0],[-120.03741699999995,38.800404900000046,2321.625,0.0],[-120.03583379999998,38.79772140000006,2346.69921875,0.0],[-120.03409229999994,38.79724180000005,2363.1953125,0.0],[-120.03610699999996,38.796032800000035,2398.9296875,0.0],[-120.03692429999995,38.78938450000004,2502.43359375,0.0],[-120.04480649999999,38.78713410000006,2628.703125,0.0],[-120.04188599999998,38.78573920000008,2661.7421875,0.0],[-120.04462349999994,38.781723200000044,2652.55859375,0.0],[-120.05181199999998,38.77747590000007,2629.29296875,0.0],[-120.04714149999995,38.76418700000005,2650.7578125,0.0],[-120.04953979999999,38.76224410000003,2657.04296875,0.0],[-120.04881709999995,38.759847000000036,2703.1875,0.0],[-120.05235979999998,38.755804900000044,2729.3828125,0.0],[-120.05187679999995,38.752053800000056,2745.47265625,0.0],[-120.04779329999997,38.74778840000005,2735.38671875,0.0],[-120.0474855,38.74449930000003,2699.41796875,0.0],[-120.03443329999999,38.74447290000006,2624.34375,0.0],[-120.04716069999995,38.74428500000005,2694.41015625,0.0],[-120.0341565,38.74406710000005,2625.73046875,0.0],[-120.04691359999998,38.74392410000007,2690.05859375,0.0],[-120.03420759999995,38.743871100000035,2629.36328125,0.0],[-120.04665399999999,38.743574600000045,2688.59375,0.0],[-120.03421959999997,38.74351270000005,2638.81640625,0.0],[-120.04655379999997,38.74328580000008,2693.5,0.0],[-120.03441379999998,38.74273580000005,2652.359375,0.0],[-120.04552809999996,38.74219800000003,2691.39453125,0.0],[-120.03412199999997,38.74196770000003,2656.2265625,0.0],[-120.04540189999994,38.741774700000065,2693.03125,0.0],[-120.03413639999997,38.74161780000003,2654.53515625,0.0],[-120.04424939999996,38.74158240000003,2683.1015625,0.0],[-120.03407619999996,38.741355800000065,2652.27734375,0.0],[-120.04355389999995,38.741318300000046,2678.75,0.0],[-120.03413569999998,38.74118710000005,2653.50390625,0.0],[-120.04267929999997,38.74113920000008,2673.1484375,0.0],[-120.03412189999995,38.741039500000056,2655.86328125,0.0],[-120.02983129999996,38.73699920000007,2598.9140625,0.0],[-120.0259931,38.73647050000005,2550.16015625,0.0],[-120.02175539999996,38.73346440000006,2547.3046875,0.0],[-120.02184109999996,38.73098640000006,2559.90234375,0.0],[-120.01220229999996,38.722936900000036,2563.484375,0.0],[-120.01131189999995,38.71856210000004,2569.8671875,0.0],[-120.00913079999998,38.71813690000005,2565.125,0.0],[-120.00617399999999,38.714670100000035,2590.671875,0.0],[-120.00624879999998,38.711515200000065,2626.22265625,0.0],[-120.00538699999998,38.711414500000046,2638.98828125,0.0],[-120.00624029999994,38.71138300000007,2630.23046875,0.0],[-120.00493359999996,38.71026130000007,2658.33984375,0.0],[-120.00299119999994,38.70269010000004,2652.23046875,0.0],[-120.00075179999999,38.70217980000007,2622.84375,0.0],[-120.00110289999998,38.698914400000035,2604.53125,0.0],[-119.999732,38.696857100000045,2600.58984375,0.0],[-119.98969239999997,38.695998200000076,2618.94140625,0.0],[-119.99820699999998,38.69589890000003,2616.44140625,0.0],[-119.98966639999998,38.69589030000003,2618.68359375,0.0],[-119.99790539999998,38.69567250000006,2618.95703125,0.0],[-119.98967379999999,38.69559880000003,2616.4765625,0.0],[-119.98930229999996,38.69473930000004,2622.51953125,0.0],[-119.99234329999996,38.692224700000054,2616.55859375,0.0],[-119.99102499999998,38.690981100000045,2628.75390625,0.0],[-119.99251129999999,38.689609000000075,2645.45703125,0.0],[-119.99254959999996,38.68750010000008,2663.45703125,0.0],[-119.98704629999997,38.68681770000006,2698.13671875,0.0],[-119.98943309999999,38.686580400000025,2683.6328125,0.0],[-119.98657299999996,38.68636180000004,2702.7265625,0.0],[-119.98636849999997,38.68386310000005,2726.5390625,0.0],[-119.98453659999996,38.68354100000005,2753.19140625,0.0],[-119.98610159999998,38.683417200000065,2733.53515625,0.0],[-119.98355389999995,38.683325000000025,2764.296875,0.0],[-119.98607929999997,38.68321140000006,2735.828125,0.0],[-119.98278539999995,38.682997500000056,2759.23828125,0.0],[-119.98626739999997,38.68279090000004,2743.55078125,0.0],[-119.98247659999998,38.682611800000075,2757.40625,0.0],[-119.98156949999998,38.68090710000007,2738.0546875,0.0],[-119.97428579999996,38.68080710000004,2659.30078125,0.0],[-119.98116919999995,38.68064990000005,2725.0546875,0.0],[-119.97405079999999,38.68041930000004,2651.1953125,0.0],[-119.97986429999997,38.68027220000005,2706.53125,0.0],[-119.97406749999999,38.67994300000004,2645.6328125,0.0],[-119.97914999999995,38.679890500000056,2692.11328125,0.0],[-119.97416759999999,38.67982690000008,2646.01171875,0.0],[-119.97873169999997,38.67960910000005,2688.796875,0.0],[-119.97505889999996,38.67916800000006,2645.74609375,0.0],[-119.974539,38.677621600000066,2615.05859375,0.0],[-119.97744169999999,38.67426030000007,2563.20703125,0.0],[-119.97773329999995,38.67134000000004,2548.39453125,0.0],[-119.97468539999994,38.66722470000008,2553.8125,0.0],[-119.9763759,38.66661460000006,2564.08203125,0.0],[-119.97594059999994,38.66587370000008,2587.3359375,0.0],[-119.9690182,38.663234000000045,2644.44140625,0.0],[-119.97149209999998,38.660938300000055,2664.84765625,0.0],[-119.96326079999994,38.660817800000075,2703.3203125,0.0],[-119.97157379999999,38.66069170000003,2673.390625,0.0],[-119.9603181,38.66050850000005,2722.49609375,0.0],[-119.97177149999999,38.66034160000004,2677.92578125,0.0],[-119.95923689999995,38.65972590000007,2723.03125,0.0],[-119.97161159999996,38.65930910000003,2701.24609375,0.0],[-119.95906959999996,38.65927250000004,2725.66796875,0.0],[-119.97157389999995,38.65918160000007,2703.51953125,0.0],[-119.95914369999997,38.65894480000003,2731.83984375,0.0],[-119.95978099999996,38.65615200000008,2711.77734375,0.0],[-119.95809229999998,38.65054070000008,2715.34765625,0.0],[-119.95428079999999,38.64982710000004,2674.70703125,0.0],[-119.95761979999997,38.64970090000003,2703.01953125,0.0],[-119.95303529999995,38.649450400000035,2665.03125,0.0],[-119.95757779999997,38.64941090000008,2700.12109375,0.0],[-119.95223449999997,38.64920410000008,2661.77734375,0.0],[-119.95724769999998,38.64901130000004,2696.3046875,0.0],[-119.95186159999997,38.64857230000007,2653.96875,0.0],[-119.95264889999999,38.645793000000026,2648.19921875,0.0],[-119.95168709999996,38.64475850000008,2667.1328125,0.0],[-119.94532169999997,38.64122350000008,2704.77734375,0.0],[-119.94232129999995,38.64108390000007,2751.80078125,0.0],[-119.94500169999998,38.640960300000074,2711.0,0.0],[-119.93614479999997,38.63840770000007,2764.87109375,0.0],[-119.93780059999995,38.63825230000003,2767.5703125,0.0],[-119.92899529999994,38.63817650000004,2689.75,0.0],[-119.93563089999998,38.63807080000004,2753.046875,0.0],[-119.92883929999999,38.637950200000034,2689.8125,0.0],[-119.93488589999998,38.63790620000003,2745.7890625,0.0],[-119.92881949999997,38.63785720000004,2690.890625,0.0],[-119.93473409999996,38.63781680000005,2742.76953125,0.0],[-119.93093339999996,38.63777060000007,2709.10546875,0.0],[-119.93450269999994,38.63776180000008,2740.6015625,0.0],[-119.92899619999997,38.63681310000004,2682.84375,0.0],[-119.92953779999999,38.63488410000008,2657.95703125,0.0],[-119.92467849999997,38.63431600000007,2627.36328125,0.0],[-119.92564749999997,38.631313300000045,2601.16796875,0.0],[-119.92107349999998,38.626730200000054,2596.359375,0.0],[-119.92205969999998,38.62669000000005,2599.21484375,0.0],[-119.91420659999994,38.62529710000007,2562.18359375,0.0],[-119.91804379999996,38.62525560000006,2585.32421875,0.0],[-119.91049529999998,38.62517950000006,2486.6953125,0.0],[-119.91431179999995,38.62498290000008,2560.16796875,0.0],[-119.90964969999999,38.62493230000007,2488.734375,0.0],[-119.91691889999998,38.624830100000054,2568.15625,0.0],[-119.90948199999997,38.62481880000007,2488.10546875,0.0],[-119.91734839999998,38.62481100000008,2567.0390625,0.0],[-119.90912799999995,38.624808200000075,2486.3984375,0.0],[-119.91711739999994,38.62478990000005,2566.796875,0.0],[-119.90931799999998,38.62478420000008,2487.08203125,0.0],[-119.91621499999997,38.62475340000003,2571.14453125,0.0],[-119.90869049999998,38.62468510000008,2486.3671875,0.0],[-119.91586359999997,38.62466260000008,2571.515625,0.0],[-119.90895819999997,38.624612400000046,2484.890625,0.0],[-119.91351639999999,38.624573800000064,2544.3125,0.0],[-119.90844809999999,38.62448710000007,2485.0703125,0.0],[-119.91333689999999,38.62408030000006,2533.140625,0.0],[-119.90804559999998,38.62346450000007,2472.046875,0.0],[-119.84512109999997,38.62329880000004,2441.3984375,0.0],[-119.90808699999997,38.623254100000054,2470.88671875,0.0],[-119.84508919999996,38.62324170000005,2444.3359375,0.0],[-119.90816019999994,38.622881300000074,2465.85546875,0.0],[-119.84536259999999,38.62274510000003,2453.6015625,0.0],[-119.90815489999994,38.622614300000066,2461.09375,0.0],[-119.84689749999995,38.62220650000006,2426.0234375,0.0],[-119.90804279999998,38.622147400000074,2454.97265625,0.0],[-119.84587319999997,38.62206510000004,2464.2890625,0.0],[-119.90811359999998,38.62199250000003,2452.42578125,0.0],[-119.84835429999998,38.62192420000008,2408.03515625,0.0],[-119.90806679999997,38.62187510000007,2450.796875,0.0],[-119.84596039999997,38.62180360000008,2474.48828125,0.0],[-119.90786929999996,38.621753900000044,2449.6328125,0.0],[-119.84550349999995,38.620769100000075,2507.515625,0.0],[-119.90603679999998,38.62076870000004,2440.00390625,0.0],[-119.84528719999997,38.620665200000076,2510.96875,0.0],[-119.90549149999998,38.62063370000004,2439.8671875,0.0],[-119.83535109999997,38.62035320000007,2516.01171875,0.0],[-119.90502659999999,38.62019310000005,2437.57421875,0.0],[-119.83549719999996,38.61982930000005,2510.71875,0.0],[-119.903843,38.619561900000065,2430.1484375,0.0],[-119.83506659999995,38.61945170000007,2524.27734375,0.0],[-119.90347409999998,38.619413000000065,2424.875,0.0],[-119.83341779999995,38.619375700000035,2575.88671875,0.0],[-119.90329309999998,38.619262400000025,2423.265625,0.0],[-119.83352949999994,38.61923500000006,2573.5625,0.0],[-119.90307949999999,38.61915910000005,2424.7109375,0.0],[-119.83370429999997,38.61880590000004,2569.828125,0.0],[-119.90163559999996,38.618731000000025,2422.04296875,0.0],[-119.83574879999998,38.61871750000006,2512.33984375,0.0],[-119.85113069999994,38.61841920000006,2406.6015625,0.0],[-119.83470669999997,38.61841470000007,2542.78515625,0.0],[-119.90116559999996,38.618408800000054,2415.9140625,0.0],[-119.83394809999999,38.61769760000004,2566.19921875,0.0],[-119.90112179999994,38.61754970000004,2429.796875,0.0],[-119.83206039999999,38.617521200000056,2615.4609375,0.0],[-119.90128799999997,38.617169500000045,2437.91015625,0.0],[-119.8317338,38.61686400000008,2629.40234375,0.0],[-119.90110749999997,38.616666500000065,2433.00390625,0.0],[-119.83255009999999,38.616637800000035,2606.828125,0.0],[-119.90101329999999,38.61655150000007,2431.734375,0.0],[-119.83266549999996,38.61648780000007,2604.62109375,0.0],[-119.90050949999994,38.61641910000003,2429.58203125,0.0],[-119.85366249999998,38.61634870000006,2428.6484375,0.0],[-119.89930079999999,38.61627720000007,2412.7421875,0.0],[-119.83072879999997,38.616216000000065,2651.1328125,0.0],[-119.89880299999999,38.615715900000055,2404.80859375,0.0],[-119.83016149999997,38.61565800000005,2659.23828125,0.0],[-119.89844319999997,38.61559330000006,2403.640625,0.0],[-119.82763969999996,38.615231100000074,2641.37890625,0.0],[-119.89698389999995,38.615121600000066,2415.5390625,0.0],[-119.82729249999994,38.61491170000005,2638.27734375,0.0],[-119.89688699999999,38.614543500000025,2410.6171875,0.0],[-119.82673099999994,38.61453250000005,2630.90234375,0.0],[-119.89671439999995,38.61437120000005,2410.80078125,0.0],[-119.8265017,38.614014600000075,2616.578125,0.0],[-119.89520269999997,38.61393160000006,2423.87109375,0.0],[-119.82640239999995,38.61393140000007,2609.91015625,0.0],[-119.89642609999999,38.613909000000035,2419.46484375,0.0],[-119.82634729999995,38.61381230000006,2606.328125,0.0],[-119.89517919999997,38.61367790000003,2424.71484375,0.0],[-119.82632769999998,38.613621600000045,2605.53125,0.0],[-119.89490579999995,38.61353040000006,2426.015625,0.0],[-119.82641259999997,38.613418600000045,2602.93359375,0.0],[-119.89492789999997,38.613217200000065,2426.69140625,0.0],[-119.82721419999996,38.61252570000005,2590.0234375,0.0],[-119.8941304,38.61249070000008,2412.3203125,0.0],[-119.827294,38.61216730000007,2586.9609375,0.0],[-119.89359649999994,38.612154100000055,2399.5703125,0.0],[-119.82737299999997,38.61147660000006,2576.77734375,0.0],[-119.89385659999999,38.61130020000007,2394.55078125,0.0],[-119.82470079999996,38.61100460000006,2574.0,0.0],[-119.89403719999996,38.61092690000004,2393.59765625,0.0],[-119.82417689999994,38.61079750000005,2573.1640625,0.0],[-119.89468779999999,38.61055440000007,2401.1875,0.0],[-119.82413019999996,38.61045950000005,2571.97265625,0.0],[-119.89462169999996,38.609723200000076,2394.6171875,0.0],[-119.82426569999996,38.609637500000076,2579.56640625,0.0],[-119.89436689999997,38.60962370000004,2393.36328125,0.0],[-119.82325689999999,38.60961180000004,2574.9140625,0.0],[-119.88902359999997,38.60942310000007,2374.95703125,0.0],[-119.82426559999999,38.609416800000076,2577.2109375,0.0],[-119.82326709999995,38.609381100000064,2582.6953125,0.0],[-119.88863419999996,38.60936110000006,2375.9296875,0.0],[-119.82320079999994,38.60925990000004,2585.35546875,0.0],[-119.88849799999997,38.60918120000008,2376.03515625,0.0],[-119.81759719999997,38.608243800000025,2617.32421875,0.0],[-119.88737579999997,38.608066800000074,2380.17578125,0.0],[-119.81729339999998,38.60802550000005,2624.6015625,0.0],[-119.88710819999994,38.60801290000006,2383.03515625,0.0],[-119.81712279999999,38.607775100000026,2624.63671875,0.0],[-119.88692929999996,38.60729240000006,2394.65234375,0.0],[-119.81750379999994,38.60728080000007,2616.66015625,0.0],[-119.88684189999998,38.60667920000003,2398.14453125,0.0],[-119.81761549999999,38.60667840000008,2612.60546875,0.0],[-119.88675189999998,38.60650040000007,2399.69921875,0.0],[-119.81779819999997,38.60649580000006,2614.18359375,0.0],[-119.88647209999999,38.60629490000008,2400.390625,0.0],[-119.81773049999998,38.60627940000006,2608.29296875,0.0],[-119.88631209999994,38.605983500000036,2398.52734375,0.0],[-119.81708269999996,38.60521680000005,2601.99609375,0.0],[-119.88362699999999,38.604948000000036,2411.15234375,0.0],[-119.81680559999995,38.60482620000005,2606.20703125,0.0],[-119.88045029999995,38.604769600000054,2420.2109375,0.0],[-119.81682669999998,38.60474320000003,2610.20703125,0.0],[-119.81780739999999,38.60052260000003,2536.59765625,0.0],[-119.82166909999995,38.59666430000004,2501.0703125,0.0],[-119.82003619999995,38.59650850000003,2512.8671875,0.0],[-119.82206039999994,38.59473500000007,2551.38671875,0.0],[-119.82027609999994,38.594062000000065,2573.57421875,0.0],[-119.82237209999994,38.58924310000003,2555.22265625,0.0],[-119.82770839999995,38.589050400000076,2565.49609375,0.0],[-119.82273069999997,38.588946700000065,2562.87109375,0.0],[-119.82785759999996,38.58880850000003,2566.37890625,0.0],[-119.82288589999996,38.58871510000006,2559.375,0.0],[-119.82823379999996,38.58860970000006,2568.625,0.0],[-119.82440489999999,38.58860170000003,2552.6328125,0.0],[-119.82822199999998,38.588434300000074,2568.46875,0.0],[-119.83362399999999,38.58438830000006,2607.9609375,0.0],[-119.83032709999998,38.58383010000006,2625.4140625,0.0],[-119.83353619999997,38.58365360000005,2601.0234375,0.0],[-119.83050419999995,38.583271000000025,2630.4765625,0.0],[-119.832788,38.583226000000025,2599.88671875,0.0],[-119.83125989999996,38.582421700000054,2639.5859375,0.0],[-119.83191669999997,38.574183600000026,2639.55078125,0.0],[-119.82786999999996,38.57364320000005,2652.11328125,0.0],[-119.83200489999996,38.57363460000005,2638.51953125,0.0],[-119.82780059999999,38.57361950000006,2652.75390625,0.0],[-119.83186719999998,38.573513200000036,2639.89453125,0.0],[-119.82821619999999,38.57345030000005,2654.29296875,0.0],[-119.83164029999995,38.573401800000056,2643.51953125,0.0],[-119.82778029999997,38.57300950000007,2663.0390625,0.0],[-119.82863999999995,38.57029720000003,2680.3125,0.0],[-119.82606329999999,38.56872890000005,2668.609375,0.0],[-119.83079239999995,38.56468150000006,2691.63671875,0.0],[-119.83149649999996,38.56040450000006,2690.22265625,0.0],[-119.83417769999994,38.55841910000004,2673.109375,0.0],[-119.83309289999994,38.55612910000008,2675.984375,0.0],[-119.82267909999996,38.55430830000006,2704.7578125,0.0],[-119.82724979999995,38.55424940000006,2689.70703125,0.0],[-119.81893129999997,38.55411170000008,2705.11328125,0.0],[-119.82204489999998,38.55409300000008,2712.84375,0.0],[-119.81767789999998,38.553161200000034,2697.44921875,0.0],[-119.81476669999995,38.54955920000003,2680.66796875,0.0],[-119.80971789999995,38.54780110000007,2682.01171875,0.0],[-119.8108815,38.54667310000008,2668.74609375,0.0],[-119.80451619999997,38.54658850000004,2694.55078125,0.0],[-119.81133549999998,38.546501600000056,2663.9375,0.0],[-119.80361439999996,38.546403600000076,2697.02734375,0.0],[-119.81140069999998,38.54630620000006,2663.62890625,0.0],[-119.80356969999997,38.54628440000005,2694.59375,0.0],[-119.81130939999997,38.54572010000004,2664.41796875,0.0],[-119.79257569999999,38.545408800000075,2656.19921875,0.0],[-119.81014129999994,38.545379000000025,2656.26953125,0.0],[-119.79254089999995,38.54535080000005,2656.0546875,0.0],[-119.80945339999994,38.54535050000004,2651.77734375,0.0],[-119.79255339999997,38.545138000000065,2657.62109375,0.0],[-119.80938959999997,38.54479640000005,2655.92578125,0.0],[-119.79233819999996,38.544705100000044,2656.625,0.0],[-119.80366319999996,38.544524300000035,2662.4296875,0.0],[-119.7922304,38.54435010000003,2652.12890625,0.0],[-119.80328999999995,38.54417490000003,2658.59765625,0.0],[-119.79243319999995,38.54414450000007,2654.4140625,0.0],[-119.80278349999998,38.54396890000004,2665.76953125,0.0],[-119.79212779999995,38.54373860000004,2647.5078125,0.0],[-119.80137319999994,38.54332740000007,2656.23046875,0.0],[-119.79136179999995,38.54307140000003,2627.046875,0.0],[-119.79991789999997,38.54306360000004,2669.4140625,0.0],[-119.79137989999998,38.54291630000006,2629.53515625,0.0],[-119.79869079999997,38.54288960000008,2670.21484375,0.0],[-119.79116859999999,38.54218330000003,2618.1171875,0.0],[-119.78787969999996,38.53658640000003,2549.34375,0.0],[-119.78195979999998,38.53567480000004,2549.453125,0.0],[-119.78577919999998,38.53518600000007,2547.1328125,0.0],[-119.78163949999998,38.53503320000004,2554.93359375,0.0],[-119.78507989999997,38.534519800000055,2531.2265625,0.0],[-119.78153749999996,38.53450900000007,2566.5859375,0.0],[-119.78511849999995,38.534288100000026,2534.30078125,0.0],[-119.77871419999997,38.533989200000065,2596.3984375,0.0],[-119.78471429999996,38.53377590000008,2536.3046875,0.0],[-119.77741479999997,38.53294980000004,2648.71484375,0.0],[-119.78148549999997,38.53272410000005,2588.84765625,0.0],[-119.77726149999995,38.53247170000003,2651.75390625,0.0],[-119.78094509999994,38.532467100000076,2585.96875,0.0],[-119.77721829999996,38.53229570000008,2651.95703125,0.0],[-119.78066579999995,38.53228800000005,2589.44921875,0.0],[-119.77708499999994,38.53210740000003,2659.171875,0.0],[-119.77788359999994,38.531976900000075,2621.8125,0.0],[-119.77585499999998,38.528547100000026,2707.6171875,0.0],[-119.77678189999995,38.52632740000007,2727.30859375,0.0],[-119.77496569999994,38.52624330000003,2740.17578125,0.0],[-119.77680849999996,38.52618000000007,2727.328125,0.0],[-119.77486819999996,38.52608150000003,2742.28515625,0.0],[-119.77662339999995,38.52598880000005,2728.2890625,0.0],[-119.77483929999994,38.52448250000003,2758.98046875,0.0],[-119.77581379999998,38.522141400000066,2785.15625,0.0],[-119.78108609999998,38.51933200000008,2844.35546875,0.0],[-119.77726639999997,38.517015800000024,2842.203125,0.0],[-119.77607859999995,38.513815700000066,2818.15234375,0.0],[-119.77628389999995,38.50675250000006,2714.640625,0.0],[-119.77411389999997,38.50587960000007,2701.76953125,0.0],[-119.77404709999996,38.504448800000034,2674.21875,0.0],[-119.76791549999996,38.50405880000005,2622.2890625,0.0],[-119.77349489999995,38.50404610000004,2675.55859375,0.0],[-119.76783959999995,38.50399450000003,2620.7578125,0.0],[-119.77335959999999,38.50383700000003,2669.265625,0.0],[-119.76782129999998,38.503530700000056,2618.0,0.0],[-119.77085329999994,38.50176000000005,2593.78515625,0.0],[-119.76984739999995,38.49789930000003,2571.71875,0.0],[-119.76314969999999,38.49510970000006,2630.7734375,0.0],[-119.76299129999995,38.49327860000005,2650.3125,0.0],[-119.76091229999997,38.49215270000008,2675.6328125,0.0],[-119.7598999,38.48748420000004,2652.80078125,0.0],[-119.75461839999997,38.48739890000007,2583.9296875,0.0],[-119.75985809999997,38.48722830000003,2645.71875,0.0],[-119.75474259999999,38.486877700000036,2584.3671875,0.0],[-119.75925309999997,38.48663600000003,2638.65625,0.0],[-119.73615399999994,38.48636190000008,2657.28125,0.0],[-119.75438039999995,38.485914200000025,2571.46484375,0.0],[-119.7356428,38.48553810000004,2658.828125,0.0],[-119.75465639999999,38.48524980000008,2568.47265625,0.0],[-119.73558449999996,38.48519170000003,2660.390625,0.0],[-119.75447149999997,38.48514370000004,2567.13671875,0.0],[-119.73564949999997,38.48490450000003,2665.96875,0.0],[-119.75376699999998,38.484812300000044,2571.0,0.0],[-119.73555579999999,38.48457780000007,2666.09375,0.0],[-119.75112479999996,38.484265900000025,2553.4453125,0.0],[-119.73554069999994,38.48423380000003,2670.4296875,0.0],[-119.75104589999995,38.48384960000004,2551.3203125,0.0],[-119.73585309999999,38.48372290000003,2685.80078125,0.0],[-119.75092379999995,38.48287790000006,2551.625,0.0],[-119.73599779999995,38.48286850000005,2704.6640625,0.0],[-119.75037049999997,38.48215860000005,2538.73828125,0.0],[-119.73585059999999,38.48211020000008,2710.13671875,0.0],[-119.75032889999994,38.48199360000007,2540.15625,0.0],[-119.73546469999997,38.48183560000007,2709.22265625,0.0],[-119.74768369999998,38.48174060000008,2559.90625,0.0],[-119.73533709999998,38.48151900000005,2710.04296875,0.0],[-119.74590519999998,38.48149070000005,2554.546875,0.0],[-119.73498029999996,38.48104230000007,2712.11328125,0.0],[-119.74525289999997,38.48092770000005,2554.4375,0.0],[-119.73496069999999,38.48090570000005,2714.140625,0.0],[-119.74504679999995,38.48087390000006,2552.92578125,0.0],[-119.73481939999999,38.480783200000076,2716.99609375,0.0],[-119.74487399999998,38.480710800000054,2553.58984375,0.0],[-119.73483169999997,38.480571000000054,2719.64453125,0.0],[-119.74447329999998,38.480470000000025,2547.84375,0.0],[-119.73394229999997,38.48002150000008,2732.82421875,0.0],[-119.73186119999997,38.47715040000003,2775.078125,0.0],[-119.72837959999998,38.475513500000034,2756.546875,0.0],[-119.72889819999995,38.47290920000006,2727.1953125,0.0],[-119.72726679999994,38.469939500000066,2734.0703125,0.0],[-119.72531569999995,38.46967420000004,2764.4375,0.0],[-119.72675939999999,38.46962240000005,2748.0,0.0],[-119.72134359999995,38.46609700000005,2803.0859375,0.0],[-119.72238889999994,38.46605560000006,2795.4375,0.0],[-119.71870979999994,38.465342700000065,2830.1953125,0.0],[-119.71966729999997,38.46532830000007,2820.65625,0.0],[-119.71867749999996,38.46524270000003,2831.73046875,0.0],[-119.71893569999997,38.46293860000003,2840.26953125,0.0],[-119.72374289999999,38.46268710000004,2816.98828125,0.0],[-119.71997529999999,38.46262960000007,2830.26171875,0.0],[-119.72435119999994,38.46247260000007,2815.265625,0.0],[-119.72686529999999,38.46089560000007,2818.328125,0.0],[-119.72730879999995,38.45800660000003,2807.12109375,0.0],[-119.72430379999997,38.455406700000026,2799.41796875,0.0],[-119.72498589999998,38.45337450000005,2788.73828125,0.0],[-119.70150669999998,38.45332900000005,2782.27734375,0.0],[-119.72477409999999,38.453219800000056,2785.77734375,0.0],[-119.70042849999999,38.452910200000076,2775.9765625,0.0],[-119.72449089999998,38.45281460000007,2788.546875,0.0],[-119.70063739999995,38.45245650000004,2778.23046875,0.0],[-119.72375789999995,38.45226850000006,2787.7265625,0.0],[-119.70086029999999,38.45208720000005,2776.47265625,0.0],[-119.72340459999998,38.45205690000006,2783.45703125,0.0],[-119.70086159999994,38.45194120000008,2776.375,0.0],[-119.72328579999999,38.45182300000005,2784.40625,0.0],[-119.70130719999997,38.45141120000005,2763.1328125,0.0],[-119.72313899999995,38.45127250000007,2781.9765625,0.0],[-119.70150299999995,38.450954800000034,2759.1328125,0.0],[-119.72333139999995,38.45087090000004,2786.44921875,0.0],[-119.70166279999995,38.45070180000005,2754.234375,0.0],[-119.72338639999998,38.45039890000004,2783.53515625,0.0],[-119.70184989999996,38.45033980000005,2747.84765625,0.0],[-119.72348579999999,38.450214800000026,2781.30859375,0.0],[-119.70223729999998,38.44970990000007,2737.83203125,0.0],[-119.72295719999994,38.44906260000005,2777.15625,0.0],[-119.7023443,38.44902060000004,2727.6640625,0.0],[-119.72263589999994,38.44894050000005,2775.26953125,0.0],[-119.70231689999997,38.44890190000007,2728.171875,0.0],[-119.72092649999996,38.44872740000005,2792.20703125,0.0],[-119.70234439999996,38.448691300000064,2727.60546875,0.0],[-119.72084269999999,38.44848840000003,2793.59765625,0.0],[-119.70243099999999,38.44848200000007,2724.66015625,0.0],[-119.72086499999995,38.44830520000005,2793.17578125,0.0],[-119.70269529999996,38.448257700000056,2715.828125,0.0],[-119.72088329999997,38.44803140000005,2793.42578125,0.0],[-119.70256709999995,38.447172600000044,2698.34765625,0.0],[-119.72012949999998,38.447135100000025,2794.1015625,0.0],[-119.69886549999995,38.447051800000054,2652.08984375,0.0],[-119.71898539999995,38.44686830000006,2800.54296875,0.0],[-119.69882859999996,38.446794400000044,2647.46875,0.0],[-119.71962679999996,38.446730100000025,2793.16015625,0.0],[-119.69887619999997,38.44664820000003,2645.90625,0.0],[-119.70184489999997,38.44607110000004,2682.44140625,0.0],[-119.69855159999997,38.44600920000005,2641.82421875,0.0],[-119.70165289999994,38.44599640000007,2680.87890625,0.0],[-119.69821849999994,38.445580000000064,2636.05859375,0.0],[-119.69764649999996,38.44398380000007,2630.7578125,0.0],[-119.68804439999997,38.443656700000076,2717.34765625,0.0],[-119.69774529999995,38.44358050000005,2630.78125,0.0],[-119.68750629999994,38.44334800000007,2717.90625,0.0],[-119.69770749999998,38.443214400000045,2625.71484375,0.0],[-119.68738719999999,38.443143400000054,2715.73046875,0.0],[-119.69761609999995,38.443039500000054,2624.60546875,0.0],[-119.68741479999994,38.442716500000074,2718.57421875,0.0],[-119.68679049999997,38.44102630000003,2705.375,0.0],[-119.68117059999997,38.440834100000075,2668.4609375,0.0],[-119.68637279999996,38.44077690000006,2705.640625,0.0],[-119.67996589999996,38.44029120000005,2652.7734375,0.0],[-119.67937829999994,38.43297270000005,2688.765625,0.0],[-119.68104029999995,38.43126170000005,2675.81640625,0.0],[-119.68087339999994,38.42948140000004,2654.87890625,0.0],[-119.67612169999995,38.42599240000004,2683.36328125,0.0],[-119.67612849999995,38.42349630000007,2703.6015625,0.0],[-119.67441649999995,38.422641300000066,2699.4609375,0.0],[-119.6728316,38.418094600000074,2711.58984375,0.0],[-119.66973079999997,38.41784670000004,2559.16796875,0.0],[-119.67276499999997,38.417669800000056,2711.16015625,0.0],[-119.66967729999999,38.41764080000007,2557.67578125,0.0],[-119.67270879999995,38.41751210000007,2710.72265625,0.0],[-119.66940969999996,38.41664410000004,2547.1640625,0.0],[-119.6725482,38.416587700000036,2698.53125,0.0],[-119.66931509999995,38.416548000000034,2544.8359375,0.0],[-119.67249879999997,38.416529300000036,2696.5234375,0.0],[-119.6693062,38.416368300000045,2546.8359375,0.0],[-119.67200629999996,38.41630100000003,2673.2734375,0.0],[-119.66925109999994,38.41545780000007,2552.80078125,0.0],[-119.67198989999997,38.415404600000045,2667.67578125,0.0],[-119.66889189999995,38.415170800000055,2536.828125,0.0],[-119.67193479999997,38.41510120000004,2661.0703125,0.0],[-119.6688739,38.415078900000026,2536.5078125,0.0],[-119.67205489999998,38.41491080000003,2662.4453125,0.0],[-119.66865579999995,38.41486160000005,2525.06640625,0.0],[-119.6720484,38.41479250000003,2662.671875,0.0],[-119.66830459999994,38.41431460000007,2515.61328125,0.0],[-119.67103689999999,38.41429160000007,2644.62890625,0.0],[-119.66823599999998,38.41409680000004,2518.02734375,0.0],[-119.6676766,38.412196900000026,2496.39453125,0.0],[-119.66501999999997,38.41030140000004,2489.87890625,0.0],[-119.66512349999999,38.40875230000006,2499.3046875,0.0],[-119.65756309999995,38.40189400000003,2563.1640625,0.0],[-119.65362499999998,38.39391310000008,2658.76953125,0.0],[-119.64034199999998,38.384635100000025,2737.9453125,0.0],[-119.6371059,38.380683100000056,2795.6015625,0.0],[-119.63506239999998,38.373280100000045,2875.1484375,0.0],[-119.62946829999998,38.36988780000007,2929.87109375,0.0],[-119.62783699999994,38.363975700000026,3017.2734375,0.0],[-119.62540639999997,38.36374420000004,3041.83984375,0.0],[-119.62690349999997,38.363632100000075,3020.7734375,0.0],[-119.62307499999997,38.36142490000003,3119.11328125,0.0],[-119.62511449999994,38.35661410000006,3173.015625,0.0],[-119.62442279999999,38.34909490000007,3199.140625,0.0],[-119.62537789999999,38.34720880000003,3206.70703125,0.0],[-119.63841609999997,38.347169300000076,3115.48828125,0.0],[-119.62507109999996,38.34693760000005,3200.05859375,0.0],[-119.63864579999995,38.34690640000008,3106.9453125,0.0],[-119.62493139999998,38.346650400000044,3194.87890625,0.0],[-119.63922469999994,38.346588100000076,3101.265625,0.0],[-119.62486189999998,38.346555600000045,3194.66015625,0.0],[-119.63998189999995,38.34610360000005,3083.51171875,0.0],[-119.6247459,38.345982900000024,3205.234375,0.0],[-119.63846369999999,38.34575590000003,3065.52734375,0.0],[-119.62514409999994,38.34574840000005,3209.61328125,0.0],[-119.63836359999999,38.34561130000003,3062.51953125,0.0],[-119.62556869999997,38.34550320000005,3203.23046875,0.0],[-119.63811629999998,38.34495560000005,3052.703125,0.0],[-119.62734699999999,38.344923100000074,3171.90625,0.0],[-119.63814749999995,38.34479140000008,3050.8828125,0.0],[-119.62874189999997,38.34467090000004,3172.03515625,0.0],[-119.63801539999997,38.344526700000074,3046.97265625,0.0],[-119.63010679999996,38.34437340000005,3170.74609375,0.0],[-119.63796569999994,38.34428850000006,3040.859375,0.0],[-119.63061679999998,38.34423920000006,3168.9140625,0.0],[-119.63797989999995,38.34402750000004,3034.18359375,0.0],[-119.63506699999999,38.342505000000074,3013.33203125,0.0],[-119.63428629999999,38.340792900000054,2991.35546875,0.0],[-119.63585919999997,38.33915360000003,2951.96875,0.0],[-119.63365609999994,38.33589970000003,2936.90625,0.0],[-119.63624449999998,38.33162450000003,2945.71875,0.0],[-119.63586479999998,38.32981360000008,2935.1796875,0.0],[-119.63994049999997,38.32592090000003,3004.1171875,0.0],[-119.63748299999997,38.32384820000004,2995.4921875,0.0],[-119.63839179999997,38.32273720000006,3001.83984375,0.0],[-119.63511129999995,38.32265330000007,3040.15625,0.0],[-119.63824449999998,38.32241350000004,3009.03125,0.0],[-119.63509239999996,38.322394100000054,3040.5625,0.0],[-119.64455319999996,38.321813700000064,3207.24609375,0.0],[-119.63622459999999,38.32122480000004,3081.6640625,0.0],[-119.64457279999999,38.320557000000065,3229.32421875,0.0],[-119.63613029999999,38.320343800000046,3099.40234375,0.0],[-119.64470919999997,38.32027410000006,3240.46484375,0.0],[-119.63576139999998,38.32010800000006,3107.52734375,0.0],[-119.64463529999995,38.32006130000008,3239.7890625,0.0],[-119.63574189999997,38.31996380000004,3108.87109375,0.0],[-119.64474829999995,38.319866200000035,3243.66015625,0.0],[-119.63563249999999,38.31957200000005,3114.03515625,0.0],[-119.64499799999999,38.31908720000007,3260.37890625,0.0],[-119.63676579999998,38.31876770000008,3125.76953125,0.0],[-119.64472419999998,38.31840390000008,3282.890625,0.0],[-119.63736229999995,38.318364200000076,3131.21875,0.0],[-119.64461809999995,38.318233400000054,3286.296875,0.0],[-119.63746139999995,38.318107800000064,3138.203125,0.0],[-119.64417069999996,38.31799870000003,3278.51953125,0.0],[-119.63799449999999,38.317642000000035,3147.8828125,0.0],[-119.64384779999995,38.31746320000008,3297.34375,0.0],[-119.63843799999995,38.31743650000004,3160.09375,0.0],[-119.64375819999998,38.31725380000006,3301.171875,0.0],[-119.64423339999996,38.31320500000004,3304.9296875,0.0],[-119.64317509999995,38.310714000000075,3295.2109375,0.0],[-119.64561199999997,38.30553020000008,3289.08203125,0.0],[-119.64465729999995,38.30054370000005,3286.06640625,0.0],[-119.64341579999996,38.300398200000075,3278.96875,0.0],[-119.64280869999999,38.298490300000026,3259.515625,0.0],[-119.63758129999997,38.29633780000006,3226.84765625,0.0],[-119.63710029999999,38.29388730000005,3283.02734375,0.0],[-119.64241429999998,38.29099670000005,3275.74609375,0.0],[-119.64082589999998,38.28841280000006,3283.328125,0.0],[-119.64201059999999,38.28788750000007,3319.31640625,0.0],[-119.64070759999998,38.28702640000006,3308.8125,0.0],[-119.64529369999997,38.28292550000003,3281.78125,0.0],[-119.64337609999995,38.27865070000007,3232.16015625,0.0],[-119.63622899999996,38.275455900000054,3207.87109375,0.0],[-119.63324789999996,38.26944170000007,3203.04296875,0.0],[-119.61728869999996,38.26358800000003,3224.69921875,0.0],[-119.61451199999999,38.260697900000025,3235.62890625,0.0],[-119.61417319999998,38.25871390000003,3205.01171875,0.0],[-119.61860339999998,38.253669700000046,3124.25390625,0.0],[-119.58731089999998,38.253171200000054,2743.38671875,0.0],[-119.61899719999997,38.25312800000006,3116.37109375,0.0],[-119.58699419999999,38.25288930000005,2743.98828125,0.0],[-119.61923219999994,38.25275250000004,3117.35546875,0.0],[-119.58593279999997,38.25244790000005,2736.984375,0.0],[-119.61929849999996,38.252374700000075,3115.58984375,0.0],[-119.58248709999998,38.251864700000056,2695.328125,0.0],[-119.61925049999996,38.25185870000007,3111.0234375,0.0],[-119.58242489999998,38.25175820000004,2695.6875,0.0],[-119.61918899999995,38.251645300000064,3110.01171875,0.0],[-119.58215359999997,38.25137660000007,2699.1484375,0.0],[-119.61901699999999,38.25130430000007,3106.80859375,0.0],[-119.58185689999999,38.251072700000066,2698.99609375,0.0],[-119.6186712,38.250864300000046,3101.828125,0.0],[-119.58141489999997,38.25074660000007,2692.75390625,0.0],[-119.61849409999996,38.25069220000006,3096.765625,0.0],[-119.57818399999996,38.25016960000005,2658.80078125,0.0],[-119.61744819999996,38.249956800000064,3081.3515625,0.0],[-119.57717019999996,38.24940860000004,2643.0703125,0.0],[-119.6162761,38.24924210000006,3068.0234375,0.0],[-119.57685839999999,38.24918780000007,2637.0859375,0.0],[-119.61633769999997,38.24917270000003,3072.78125,0.0],[-119.57610589999996,38.24847450000004,2634.484375,0.0],[-119.60932269999995,38.247798800000055,2878.13671875,0.0],[-119.57571609999997,38.24760130000004,2616.8359375,0.0],[-119.61438199999998,38.24728430000005,2970.57421875,0.0],[-119.57584249999996,38.247207900000035,2613.1796875,0.0],[-119.6143128,38.246903100000054,2965.1875,0.0],[-119.57607909999996,38.24687710000006,2615.91015625,0.0],[-119.61417969999997,38.24611290000007,2957.45703125,0.0],[-119.57651599999997,38.245916900000054,2618.1484375,0.0],[-119.61431499999998,38.24576560000003,2955.42578125,0.0],[-119.57657689999996,38.24572500000005,2618.578125,0.0],[-119.61422259999995,38.24555350000003,2951.78125,0.0],[-119.57653949999997,38.245451900000035,2617.59765625,0.0],[-119.57760019999995,38.24149890000007,2602.4765625,0.0],[-119.58192369999995,38.23475330000008,2623.88671875,0.0],[-119.58013449999999,38.22976090000003,2618.26953125,0.0],[-119.58114869999997,38.22789840000007,2631.13671875,0.0],[-119.57826949999998,38.227440100000024,2625.15234375,0.0],[-119.58080989999996,38.227319400000056,2630.8046875,0.0],[-119.57650919999998,38.22621190000007,2626.57421875,0.0],[-119.58187779999997,38.21967160000003,2697.9375,0.0],[-119.58229279999995,38.218729300000064,2714.85546875,0.0],[-119.58111389999999,38.21848940000007,2721.9921875,0.0],[-119.58240169999999,38.21841420000004,2718.80859375,0.0],[-119.57572829999998,38.216791500000056,2711.91015625,0.0],[-119.57476519999994,38.20969960000008,2715.29296875,0.0],[-119.57588759999999,38.20749950000004,2727.22265625,0.0],[-119.57229399999994,38.20667670000006,2731.73046875,0.0],[-119.57501899999994,38.206223400000056,2729.359375,0.0],[-119.57151009999995,38.20604320000007,2746.99609375,0.0],[-119.57455719999996,38.20587340000003,2724.60546875,0.0],[-119.57060899999999,38.20545190000007,2759.2265625,0.0],[-119.56763319999999,38.202361300000064,2766.97265625,0.0],[-119.57160949999997,38.195577900000046,2765.6875,0.0],[-119.56963349999995,38.19376090000003,2769.78125,0.0],[-119.56912389999997,38.18924720000007,2810.66796875,0.0],[-119.56982889999995,38.18742490000005,2826.21484375,0.0],[-119.57149169999997,38.18726820000006,2858.921875,0.0],[-119.56982989999995,38.18724100000003,2825.9609375,0.0],[-119.57184289999998,38.18712610000006,2862.4609375,0.0],[-119.56994179999998,38.18710170000003,2826.84765625,0.0],[-119.5721299,38.18699940000005,2863.8046875,0.0],[-119.56997629999995,38.18696170000004,2826.61328125,0.0],[-119.57237589999994,38.186876400000074,2865.47265625,0.0],[-119.57011659999995,38.18672620000007,2824.95703125,0.0],[-119.58009679999998,38.18258100000003,2907.75,0.0],[-119.58251869999998,38.17968200000007,2899.36328125,0.0],[-119.59372599999995,38.17679540000006,2875.44140625,0.0],[-119.59486579999998,38.17442070000004,2874.4609375,0.0],[-119.6015243,38.16973390000004,2846.15234375,0.0],[-119.60425609999999,38.166215100000045,2799.04296875,0.0],[-119.60381779999994,38.163680500000055,2770.30859375,0.0],[-119.60613749999999,38.16211490000006,2743.0859375,0.0],[-119.60822879999995,38.15319670000008,2703.10546875,0.0],[-119.61659889999999,38.14033970000003,2647.609375,0.0],[-119.62170989999998,38.12888940000005,2619.47265625,0.0],[-119.62254559999997,38.12404760000004,2600.51953125,0.0],[-119.62166749999994,38.118605400000035,2567.00390625,0.0],[-119.629528,38.10156150000006,2543.23046875,0.0],[-119.62950779999994,38.09765080000005,2538.94921875,0.0],[-119.63324149999994,38.090676700000074,2508.453125,0.0],[-119.63284159999995,38.08876860000004,2497.140625,0.0],[-119.63423289999997,38.08779090000007,2492.53125,0.0],[-119.63278789999998,38.08533570000003,2482.30078125,0.0],[-119.63305069999996,38.082869800000026,2475.6328125,0.0],[-119.63662299999999,38.08104990000004,2478.390625,0.0],[-119.63575359999999,38.08099580000004,2476.37890625,0.0],[-119.63843889999998,38.08097900000007,2481.40234375,0.0],[-119.63586499999997,38.080927700000075,2476.13671875,0.0],[-119.64530299999996,38.078625300000056,2469.9609375,0.0],[-119.64474289999998,38.07665320000007,2447.01171875,0.0],[-119.64676699999995,38.07385940000006,2428.94921875,0.0],[-119.64259739999994,38.07015750000005,2429.84765625,0.0],[-119.63631379999998,38.07002220000004,2482.91015625,0.0],[-119.64216109999995,38.069878000000074,2433.89453125,0.0],[-119.63581039999997,38.06950390000003,2493.31640625,0.0],[-119.64124979999997,38.06949410000004,2432.10546875,0.0],[-119.63438989999997,38.06920820000005,2516.1640625,0.0],[-119.64063909999999,38.069206000000065,2436.70703125,0.0],[-119.63337649999994,38.06886510000004,2526.6640625,0.0],[-119.63962569999995,38.06885690000007,2430.05859375,0.0],[-119.62662619999998,38.068101900000045,2567.26953125,0.0],[-119.62824689999997,38.068006500000024,2572.4140625,0.0],[-119.62636309999999,38.067934500000035,2569.109375,0.0],[-119.62354499999998,38.06450180000007,2568.3359375,0.0],[-119.62470449999995,38.061470900000074,2558.62890625,0.0],[-119.62103829999995,38.061267900000075,2620.8125,0.0],[-119.62403959999995,38.06117400000005,2563.55078125,0.0],[-119.62016919999996,38.059959700000036,2684.2734375,0.0],[-119.60370949999998,38.05995720000004,2491.67578125,0.0],[-119.61964119999999,38.05991830000005,2696.6640625,0.0],[-119.60327809999995,38.05991820000003,2490.26953125,0.0],[-119.62006159999999,38.05991700000004,2688.265625,0.0],[-119.58620739999998,38.059836000000075,2404.91796875,0.0],[-119.61979479999997,38.05980980000004,2696.37890625,0.0],[-119.58614909999994,38.05964600000004,2408.11328125,0.0],[-119.61942379999999,38.05948570000004,2702.91796875,0.0],[-119.58597429999998,38.05939600000005,2413.61328125,0.0],[-119.61974239999995,38.059220700000026,2706.859375,0.0],[-119.58585759999994,38.05908210000007,2416.0546875,0.0],[-119.6193285,38.05898300000007,2712.30078125,0.0],[-119.58582349999995,38.058609500000046,2427.1328125,0.0],[-119.61899859999994,38.05850330000004,2723.7578125,0.0],[-119.58575989999997,38.058213900000055,2441.7734375,0.0],[-119.61883979999999,38.05805520000007,2725.21875,0.0],[-119.58575279999997,38.05778900000007,2455.515625,0.0],[-119.61850719999995,38.05776380000003,2718.046875,0.0],[-119.58574729999998,38.057627800000034,2458.76953125,0.0],[-119.61812779999997,38.057448400000055,2703.703125,0.0],[-119.58472439999997,38.05741040000004,2509.33203125,0.0],[-119.61823329999999,38.05738870000005,2702.57421875,0.0],[-119.58470289999997,38.05732690000008,2511.97265625,0.0],[-119.61818349999999,38.05726830000003,2699.48828125,0.0],[-119.58470099999994,38.057232200000044,2514.51953125,0.0],[-119.61819569999994,38.05712420000003,2698.765625,0.0],[-119.58469799999995,38.05702540000004,2515.3828125,0.0],[-119.61800829999999,38.056908700000065,2695.21484375,0.0],[-119.58461649999998,38.05671620000004,2529.33984375,0.0],[-119.61722149999997,38.056609500000036,2685.1875,0.0],[-119.58439799999996,38.05656170000003,2544.3828125,0.0],[-119.61697549999997,38.05639620000005,2681.8125,0.0],[-119.58437219999996,38.05630300000007,2551.95703125,0.0],[-119.61647169999998,38.05617540000003,2681.1484375,0.0],[-119.58435749999995,38.05600650000008,2561.5703125,0.0],[-119.58445449999999,38.05299430000008,2655.87109375,0.0],[-119.58317259999995,38.05148520000006,2656.95703125,0.0],[-119.51804629999998,38.051451900000075,2720.76171875,0.0],[-119.58313689999994,38.05130430000003,2654.28125,0.0],[-119.51857309999997,38.051041600000076,2722.1328125,0.0],[-119.58283059999997,38.05101270000006,2652.12109375,0.0],[-119.51898079999995,38.050612700000045,2740.94921875,0.0],[-119.58274489999997,38.05060860000003,2634.31640625,0.0],[-119.51908989999998,38.05058690000004,2741.7734375,0.0],[-119.58251109999998,38.05058690000004,2635.265625,0.0],[-119.51930219999997,38.050397400000065,2749.890625,0.0],[-119.58280779999996,38.05026830000003,2621.93359375,0.0],[-119.5193425,38.05024060000005,2755.546875,0.0],[-119.58302289999995,38.05019500000003,2620.70703125,0.0],[-119.51957759999999,38.05003860000005,2761.703125,0.0],[-119.58300469999995,38.049990500000035,2617.51171875,0.0],[-119.51979869999997,38.04988030000004,2767.5546875,0.0],[-119.58327119999996,38.04962610000007,2612.8984375,0.0],[-119.52053409999996,38.04915410000007,2776.875,0.0],[-119.58418089999998,38.04893750000008,2602.15625,0.0],[-119.52043869999994,38.04872370000004,2779.890625,0.0],[-119.58434489999996,38.048337900000035,2586.125,0.0],[-119.52071909999995,38.04822290000004,2779.671875,0.0],[-119.58415449999995,38.048050500000045,2575.67578125,0.0],[-119.52036219999997,38.04786700000005,2791.8203125,0.0],[-119.58344499999998,38.04767060000006,2564.57421875,0.0],[-119.52004729999999,38.04759840000003,2795.45703125,0.0],[-119.58342199999998,38.04756020000008,2560.74609375,0.0],[-119.52000759999999,38.04742790000006,2795.3125,0.0],[-119.58308019999998,38.04720970000005,2555.078125,0.0],[-119.52009239999995,38.04704360000005,2796.33984375,0.0],[-119.58291979999996,38.04694510000007,2547.19140625,0.0],[-119.51993759999999,38.04671980000006,2794.11328125,0.0],[-119.58260119999994,38.04671040000005,2540.3828125,0.0],[-119.51991039999996,38.04623300000003,2793.52734375,0.0],[-119.58080989999996,38.046057500000074,2524.8046875,0.0],[-119.52013109999996,38.04599550000006,2789.2578125,0.0],[-119.57986069999998,38.045748400000036,2510.7421875,0.0],[-119.52119699999997,38.04558990000004,2775.1484375,0.0],[-119.5795187,38.045525600000076,2504.26171875,0.0],[-119.52172939999997,38.04546170000003,2774.6875,0.0],[-119.57886499999995,38.045357900000056,2491.57421875,0.0],[-119.52197349999994,38.045331900000065,2775.48828125,0.0],[-119.57828519999998,38.04532210000008,2478.9140625,0.0],[-119.52194639999999,38.04527460000003,2776.04296875,0.0],[-119.57553639999998,38.04524290000006,2433.25390625,0.0],[-119.52233469999999,38.04517910000004,2776.33984375,0.0],[-119.57502289999996,38.04498350000006,2432.71484375,0.0],[-119.52272619999997,38.04488790000005,2779.32421875,0.0],[-119.57273639999994,38.04431640000007,2444.71484375,0.0],[-119.52307149999996,38.04420470000008,2785.74609375,0.0],[-119.57272299999994,38.04418920000006,2447.46484375,0.0],[-119.52300389999999,38.04407360000005,2785.44921875,0.0],[-119.52909249999999,38.03666730000003,2704.31640625,0.0],[-119.53154339999998,38.03663400000005,2668.9765625,0.0],[-119.52913009999997,38.03660670000005,2702.64453125,0.0],[-119.53195659999994,38.036528600000054,2654.44921875,0.0],[-119.52894709999998,38.03650860000005,2707.109375,0.0],[-119.53300539999998,38.03604840000003,2617.18359375,0.0],[-119.53324659999998,38.03360240000006,2589.44140625,0.0],[-119.53002349999997,38.03048090000004,2530.07421875,0.0],[-119.52746979999995,38.03030260000003,2497.47265625,0.0],[-119.52996669999999,38.03022310000006,2526.28515625,0.0],[-119.52740959999994,38.03018270000007,2496.1328125,0.0],[-119.52970579999999,38.02979840000006,2515.37109375,0.0],[-119.52728279999997,38.02959260000006,2481.56640625,0.0],[-119.52656119999995,38.02710020000006,2434.18359375,0.0],[-119.52196729999997,38.02497510000006,2338.05859375,0.0],[-119.51831189999996,38.01983700000005,2351.7421875,0.0],[-119.44820949999996,38.01981900000004,2899.68359375,0.0],[-119.51824789999995,38.01977610000006,2351.06640625,0.0],[-119.44809239999995,38.01974690000003,2897.74609375,0.0],[-119.51776519999999,38.01934940000007,2353.1484375,0.0],[-119.44775719999996,38.019286600000044,2896.09375,0.0],[-119.51758039999999,38.019226400000036,2356.38671875,0.0],[-119.44776039999999,38.01909500000005,2894.76953125,0.0],[-119.51676989999999,38.018741000000034,2387.16015625,0.0],[-119.44765259999997,38.01855450000005,2884.45703125,0.0],[-119.5148352,38.01815060000007,2454.43359375,0.0],[-119.44763939999996,38.01802500000008,2873.71484375,0.0],[-119.51477239999997,38.01789820000005,2462.1640625,0.0],[-119.4475526,38.017675000000054,2870.58203125,0.0],[-119.51359999999994,38.017318500000044,2482.52734375,0.0],[-119.44749579999996,38.017315300000064,2865.4609375,0.0],[-119.51278279999997,38.01689890000006,2493.84765625,0.0],[-119.44721749999997,38.01643080000008,2849.08203125,0.0],[-119.51086879999997,38.01633160000006,2515.60546875,0.0],[-119.44709099999994,38.01601950000003,2836.11328125,0.0],[-119.51025169999997,38.01601460000006,2516.51953125,0.0],[-119.44697929999995,38.01592590000007,2835.53515625,0.0],[-119.50998549999997,38.015877800000055,2518.58984375,0.0],[-119.41303039999997,38.01500910000004,2600.30859375,0.0],[-119.50137539999997,38.014887800000054,2612.7421875,0.0],[-119.41293879999995,38.01486860000006,2604.80859375,0.0],[-119.50155409999996,38.01483030000003,2608.58203125,0.0],[-119.41290719999995,38.014351400000066,2616.3984375,0.0],[-119.50003319999996,38.01432170000004,2635.12109375,0.0],[-119.41301429999999,38.01385880000004,2635.0703125,0.0],[-119.49926019999998,38.01366950000005,2641.83984375,0.0],[-119.41331819999999,38.013399900000024,2630.1953125,0.0],[-119.49869429999995,38.01326270000004,2651.38671875,0.0],[-119.41333419999995,38.01318660000004,2637.8046875,0.0],[-119.49865239999997,38.01307380000003,2654.53125,0.0],[-119.41352439999997,38.012919400000044,2644.29296875,0.0],[-119.49830819999994,38.01289660000003,2656.85546875,0.0],[-119.41364759999999,38.01258990000008,2657.87890625,0.0],[-119.49799509999997,38.01254730000005,2665.2578125,0.0],[-119.41374419999994,38.012140500000044,2669.46875,0.0],[-119.49682499999994,38.01200190000003,2669.1640625,0.0],[-119.41375159999996,38.01176380000004,2673.98828125,0.0],[-119.49664989999997,38.01172900000006,2673.421875,0.0],[-119.41395189999997,38.011369900000034,2670.046875,0.0],[-119.49670199999997,38.01132240000004,2682.484375,0.0],[-119.41398179999999,38.01121800000004,2671.140625,0.0],[-119.49666039999994,38.01121610000007,2684.6328125,0.0],[-119.41421699999995,38.01056900000003,2678.0546875,0.0],[-119.497638,38.01051190000004,2741.0703125,0.0],[-119.41427589999995,38.010478000000035,2679.67578125,0.0],[-119.49728779999998,38.01044360000003,2734.2265625,0.0],[-119.41443769999995,38.01043020000003,2677.53515625,0.0],[-119.4978635,38.010402200000044,2755.08984375,0.0],[-119.41448239999994,38.009541900000045,2702.08984375,0.0],[-119.49757539999996,38.00907730000006,2804.9765625,0.0],[-119.39342269999997,38.009033500000044,2711.8203125,0.0],[-119.49764139999996,38.008815800000036,2815.3671875,0.0],[-119.39312549999994,38.00880960000006,2710.91015625,0.0],[-119.49757489999996,38.00869350000005,2818.984375,0.0],[-119.39245409999995,38.008486600000026,2701.73828125,0.0],[-119.49747839999998,38.00825350000008,2829.48828125,0.0],[-119.39189209999995,38.008162500000026,2690.89453125,0.0],[-119.49734559999996,38.008012000000065,2832.28125,0.0],[-119.39177839999996,38.007932700000026,2689.98828125,0.0],[-119.49729159999998,38.00779690000007,2835.73828125,0.0],[-119.39162199999998,38.00778130000003,2688.46875,0.0],[-119.49756359999998,38.007584500000064,2843.86328125,0.0],[-119.39139789999996,38.00738730000006,2688.859375,0.0],[-119.49748969999996,38.00720960000007,2851.93359375,0.0],[-119.39121999999998,38.00720060000003,2685.96484375,0.0],[-119.49745939999997,38.007073200000036,2853.7421875,0.0],[-119.39073779999995,38.00698750000004,2684.9453125,0.0],[-119.497526,38.006971100000044,2856.96875,0.0],[-119.37650269999995,38.006746400000054,2606.0,0.0],[-119.49749039999995,38.00665350000003,2860.09765625,0.0],[-119.37616919999999,38.006639000000064,2606.78515625,0.0],[-119.49749049999997,38.00636460000004,2864.72265625,0.0],[-119.37615579999999,38.00624850000003,2605.5,0.0],[-119.49731679999996,38.00615650000003,2868.64453125,0.0],[-119.37632119999995,38.00612060000003,2604.796875,0.0],[-119.49332869999995,38.00586930000003,2893.20703125,0.0],[-119.37856889999995,38.00581160000007,2607.515625,0.0],[-119.49757519999997,38.00575630000003,2877.36328125,0.0],[-119.37701099999998,38.00534780000004,2600.5859375,0.0],[-119.49643379999998,38.005273000000045,2879.0234375,0.0],[-119.37717439999994,38.00526600000006,2599.34765625,0.0],[-119.49527229999995,38.00520300000005,2892.37109375,0.0],[-119.37719159999995,38.005155100000025,2598.8046875,0.0],[-119.49481939999998,38.00511620000003,2892.46875,0.0],[-119.37730679999999,38.00497150000007,2596.9765625,0.0],[-119.49440899999996,38.004914100000065,2894.87890625,0.0],[-119.37701389999995,38.00452220000005,2603.90234375,0.0],[-119.43492429999998,38.00442920000006,2736.39453125,0.0],[-119.37683199999998,38.004355900000064,2611.33203125,0.0],[-119.43374019999999,38.00416070000006,2726.0078125,0.0],[-119.37683499999997,38.00410560000006,2620.04296875,0.0],[-119.43330609999998,38.004042800000036,2726.09375,0.0],[-119.37669129999995,38.00387100000006,2632.04296875,0.0],[-119.43305689999994,38.00378000000006,2722.86328125,0.0],[-119.37682379999995,38.003427600000066,2640.56640625,0.0],[-119.42988409999998,38.002869400000066,2616.48046875,0.0],[-119.37710379999999,38.002639600000066,2655.79296875,0.0],[-119.4169738,38.00244200000003,2932.9296875,0.0],[-119.37709229999996,38.002441400000066,2660.7109375,0.0],[-119.41695579999998,38.00233300000008,2936.0390625,0.0],[-119.37725289999997,38.00226010000006,2661.89453125,0.0],[-119.41610219999995,38.001726500000075,2946.3203125,0.0],[-119.37600009999994,38.00138810000004,2709.9609375,0.0],[-119.4163117,38.00115680000005,2939.921875,0.0],[-119.37630629999995,38.00108710000006,2716.95703125,0.0],[-119.41630079999999,38.00092070000005,2939.30859375,0.0],[-119.37645719999995,38.00081140000003,2724.32421875,0.0],[-119.41634269999997,38.00077280000005,2938.9296875,0.0],[-119.37701799999996,38.00021200000003,2736.046875,0.0],[-119.4165147,37.99980030000006,2934.265625,0.0],[-119.37731259999998,37.99976620000007,2740.47265625,0.0],[-119.41677549999997,37.999343500000066,2933.7734375,0.0],[-119.3776542,37.99919060000008,2748.8671875,0.0],[-119.41684389999995,37.999054200000046,2933.3359375,0.0],[-119.37766459999995,37.99896720000004,2751.39453125,0.0],[-119.41696209999998,37.99891450000007,2930.79296875,0.0],[-119.37788599999999,37.99864720000005,2751.61328125,0.0],[-119.41697509999995,37.99854890000006,2933.76171875,0.0],[-119.37793349999998,37.99850930000008,2753.96875,0.0],[-119.41721529999995,37.99768370000004,2925.6796875,0.0],[-119.37888799999996,37.99744430000004,2753.41015625,0.0],[-119.41738259999994,37.99732860000006,2921.41015625,0.0],[-119.37883099999999,37.99660790000007,2764.82421875,0.0],[-119.41860749999995,37.99618790000005,2903.30078125,0.0],[-119.37881409999994,37.99592530000007,2773.47265625,0.0],[-119.41863579999995,37.99589130000004,2900.1953125,0.0],[-119.37869619999998,37.99560980000007,2776.109375,0.0],[-119.41894529999996,37.99541360000006,2892.58984375,0.0],[-119.37888379999998,37.995366500000046,2774.71875,0.0],[-119.41907909999998,37.99453450000004,2892.03515625,0.0],[-119.37973149999999,37.994246700000076,2768.96484375,0.0],[-119.41905469999995,37.99415730000004,2891.34765625,0.0],[-119.37983859999997,37.99388380000005,2767.76953125,0.0],[-119.41881199999995,37.99387690000003,2889.4453125,0.0],[-119.38009419999997,37.99367920000003,2767.0625,0.0],[-119.39842879999998,37.970672200000024,2666.51953125,0.0],[-119.40528429999995,37.95730720000006,2642.046875,0.0],[-119.4073512,37.947664400000065,2685.84765625,0.0],[-119.40664579999998,37.94083490000003,2618.92578125,0.0],[-119.41153209999999,37.932210300000065,2594.93359375,0.0],[-119.41281599999996,37.922650900000065,2507.45703125,0.0],[-119.41676689999997,37.91345990000008,2442.94140625,0.0],[-119.42113099999995,37.908116300000074,2434.28515625,0.0],[-119.41838049999996,37.90711270000003,2451.40234375,0.0],[-119.41878209999999,37.905421800000056,2493.80859375,0.0],[-119.41675059999994,37.90519070000005,2493.15234375,0.0],[-119.41847289999998,37.90506000000005,2495.3359375,0.0],[-119.41682119999996,37.90482410000004,2495.64453125,0.0],[-119.41808139999995,37.90469910000007,2495.4140625,0.0],[-119.41628049999997,37.90427960000005,2499.55859375,0.0],[-119.41611909999995,37.902894600000025,2517.93359375,0.0],[-119.41409409999994,37.90257280000003,2526.03515625,0.0],[-119.41619779999996,37.90247020000004,2523.21875,0.0],[-119.41398629999998,37.90246410000003,2527.31640625,0.0],[-119.41634259999995,37.90234590000006,2522.16015625,0.0],[-119.41015269999997,37.902183200000024,2554.140625,0.0],[-119.41627899999997,37.902019100000075,2527.4921875,0.0],[-119.41034229999997,37.901960700000075,2557.015625,0.0],[-119.41436339999996,37.90187120000007,2540.578125,0.0],[-119.41009719999994,37.90176290000005,2575.34765625,0.0],[-119.41419579999996,37.90169690000005,2542.53125,0.0],[-119.41009599999995,37.901543600000025,2581.84375,0.0],[-119.41398459999999,37.90145620000004,2546.9609375,0.0],[-119.4101786,37.901401100000044,2580.9453125,0.0],[-119.41389929999997,37.90131800000006,2549.53515625,0.0],[-119.40467159999997,37.89914820000007,2577.92578125,0.0],[-119.39672389999998,37.89888700000006,2579.6328125,0.0],[-119.40426809999997,37.898874000000035,2574.58203125,0.0],[-119.39657219999998,37.898865700000044,2581.234375,0.0],[-119.40418159999996,37.89874960000003,2573.0703125,0.0],[-119.39579249999997,37.89824130000005,2578.12890625,0.0],[-119.40392399999996,37.89823700000005,2571.0,0.0],[-119.39551499999999,37.89798090000005,2580.23828125,0.0],[-119.40319619999997,37.89797000000004,2567.34375,0.0],[-119.39541219999995,37.89781830000004,2580.15625,0.0],[-119.40203119999995,37.89752050000004,2572.30859375,0.0],[-119.39557529999996,37.89749850000004,2574.734375,0.0],[-119.39514659999998,37.895624500000054,2574.48828125,0.0],[-119.38872869999994,37.892515100000026,2601.6640625,0.0],[-119.38594319999999,37.88924130000004,2620.0,0.0],[-119.38075449999997,37.88858620000008,2630.8984375,0.0],[-119.37648899999999,37.88270740000007,2629.6640625,0.0],[-119.36875409999999,37.87931290000006,2638.8046875,0.0],[-119.33898129999994,37.87749270000006,2647.25390625,0.0],[-119.35399029999996,37.87745010000003,2620.90625,0.0],[-119.33859749999999,37.87731110000004,2645.97265625,0.0],[-119.35306842399996,37.87701543400004,2622.36328125,0.0],[-119.33803459999996,37.876959800000066,2647.27734375,0.0],[-119.35204259999995,37.87678160000007,2627.265625,0.0],[-119.33403539999995,37.87565170000005,2661.23046875,0.0],[-119.33211189999997,37.87182640000003,2660.9453125,0.0],[-119.33350789999997,37.86811460000007,2651.4375,0.0],[-119.32579889999994,37.86782660000006,2655.953125,0.0],[-119.33303349999994,37.867765500000075,2655.87109375,0.0],[-119.30801349999996,37.86596010000005,2679.13671875,0.0],[-119.31283069999995,37.86585000000008,2670.87890625,0.0],[-119.30690399999997,37.86572280000007,2684.71875,0.0],[-119.31061929999998,37.86571520000007,2677.17578125,0.0],[-119.30647929999998,37.865549900000076,2685.44140625,0.0],[-119.30983709999998,37.86548830000004,2675.89453125,0.0],[-119.30623259999999,37.86537720000007,2688.84765625,0.0],[-119.30267669999995,37.862819900000034,2690.59375,0.0],[-119.29569749999996,37.85414620000006,2696.640625,0.0],[-119.29050179999996,37.850492200000076,2695.796875,0.0],[-119.28715729999999,37.84557600000005,2695.2109375,0.0],[-119.2796631,37.82555180000003,2723.13671875,0.0],[-119.2775375,37.82463340000004,2714.23828125,0.0],[-119.27673969999995,37.82162500000004,2718.234375,0.0],[-119.27041569999994,37.81277510000007,2722.00390625,0.0],[-119.26833029999995,37.81228340000007,2713.828125,0.0],[-119.26389739999996,37.80330360000005,2735.76171875,0.0],[-119.26206039999994,37.79799220000007,2738.87109375,0.0],[-119.26281479999994,37.79297290000005,2741.73046875,0.0],[-119.26161279999997,37.791332400000044,2745.15625,0.0],[-119.26359539999999,37.78543080000003,2824.38671875,0.0],[-119.26267609999996,37.784306300000026,2846.7734375,0.0],[-119.26382749999999,37.78289390000003,2923.2578125,0.0],[-119.26305529999996,37.77916390000007,2963.0078125,0.0],[-119.25685019999997,37.76965110000003,3103.93359375,0.0],[-119.25687619999997,37.76702460000007,3111.71875,0.0],[-119.25847549999997,37.76597330000004,3163.1640625,0.0],[-119.25215949999995,37.765907500000026,3278.08984375,0.0],[-119.25841039999995,37.76579030000005,3159.77734375,0.0],[-119.25192599999997,37.76568610000004,3289.296875,0.0],[-119.25892039999997,37.76526890000008,3183.43359375,0.0],[-119.23947669999995,37.764410800000064,3201.359375,0.0],[-119.25359089999995,37.76414710000006,3258.37890625,0.0],[-119.23919199999995,37.764118100000076,3202.40234375,0.0],[-119.25426099999999,37.76410110000006,3247.359375,0.0],[-119.23729089999995,37.76408790000005,3201.6875,0.0],[-119.25897839999999,37.76402600000006,3201.61328125,0.0],[-119.23709059999999,37.76402410000003,3201.296875,0.0],[-119.25906869999994,37.763915000000054,3204.3203125,0.0],[-119.23684609999998,37.763859000000025,3199.671875,0.0],[-119.25906659999998,37.76372440000006,3203.0234375,0.0],[-119.23675339999994,37.76372120000008,3198.625,0.0],[-119.25915299999997,37.76369120000004,3204.5,0.0],[-119.23641229999998,37.76356430000004,3196.53125,0.0],[-119.25916899999999,37.76356090000007,3204.23828125,0.0],[-119.23616639999995,37.763473900000065,3195.4375,0.0],[-119.25924929999996,37.76341960000008,3205.7734375,0.0],[-119.23315029999998,37.76289420000006,3176.359375,0.0],[-119.25886369999995,37.76284360000005,3211.94140625,0.0],[-119.23270629999996,37.76260210000004,3174.1171875,0.0],[-119.25878539999997,37.76259440000007,3211.4140625,0.0],[-119.23255729999994,37.76244850000006,3173.04296875,0.0],[-119.25887679999994,37.762267300000076,3211.05078125,0.0],[-119.23149389999998,37.76196840000006,3167.9296875,0.0],[-119.25867549999998,37.76172130000003,3218.7578125,0.0],[-119.22843119999999,37.76125460000003,3156.171875,0.0],[-119.24874429999994,37.76102170000007,3374.4140625,0.0],[-119.22789679999994,37.76079280000005,3152.6328125,0.0],[-119.24796969999994,37.760325300000034,3369.8125,0.0],[-119.22694739999997,37.76016000000004,3147.84765625,0.0],[-119.24750129999995,37.76002310000007,3363.359375,0.0],[-119.22587969999995,37.75947720000005,3143.35546875,0.0],[-119.22546429999994,37.75647660000004,3114.83203125,0.0],[-119.22076659999999,37.752021300000024,3080.7109375,0.0],[-119.22030529999995,37.74932490000003,3063.88671875,0.0],[-119.21575959999996,37.74748600000004,3013.421875,0.0],[-119.21476799999999,37.74671870000003,2998.69140625,0.0],[-119.21559959999996,37.745874300000025,2997.5625,0.0],[-119.21447329999995,37.745822900000064,2976.078125,0.0],[-119.21563759999998,37.74569470000006,2994.6796875,0.0],[-119.21439429999998,37.745683100000065,2971.3359375,0.0],[-119.21580419999998,37.745547600000066,2992.81640625,0.0],[-119.21362849999997,37.744789000000026,2952.02734375,0.0],[-119.21518009999994,37.74470190000005,2968.91796875,0.0],[-119.21133529999997,37.743951200000026,2943.11328125,0.0],[-119.21239889999998,37.74384130000004,2946.90234375,0.0],[-119.20667169999996,37.740774300000055,2992.71484375,0.0],[-119.20365609999999,37.740580900000054,3021.29296875,0.0],[-119.20629219999995,37.740481800000055,2997.24609375,0.0],[-119.19613709999999,37.73901140000004,3086.07421875,0.0],[-119.19284869999996,37.73552850000004,3115.71484375,0.0],[-119.19249229999997,37.73334040000003,3115.08203125,0.0],[-119.16468399999997,37.73308730000008,3013.53515625,0.0],[-119.19210119999997,37.733056300000044,3113.92578125,0.0],[-119.16395939999995,37.73293000000007,3007.765625,0.0],[-119.19152119999995,37.73285550000003,3112.8515625,0.0],[-119.16363669999998,37.73272960000003,3001.8125,0.0],[-119.19072289999997,37.73265490000006,3111.84375,0.0],[-119.16346629999998,37.73256230000004,2997.91015625,0.0],[-119.19002849999998,37.732501600000035,3111.21484375,0.0],[-119.16335559999999,37.732377100000065,2994.7421875,0.0],[-119.18908339999996,37.73226070000004,3105.50390625,0.0],[-119.16307809999995,37.73222980000003,2993.07421875,0.0],[-119.18895109999994,37.73215030000006,3103.4375,0.0],[-119.16561349999995,37.73211870000006,3011.09765625,0.0],[-119.18606919999996,37.73205490000004,3109.171875,0.0],[-119.1627322,37.731949900000075,2990.95703125,0.0],[-119.18535479999997,37.73166020000008,3106.0390625,0.0],[-119.15521719999998,37.730843900000025,2954.25,0.0],[-119.17966019999994,37.73078300000003,3092.23828125,0.0],[-119.15563929999996,37.73065740000004,2953.43359375,0.0],[-119.17785969999994,37.73059500000005,3082.80078125,0.0],[-119.15485269999999,37.73056290000005,2956.9765625,0.0],[-119.17892669999998,37.73032470000004,3082.96875,0.0],[-119.15074569999996,37.73024870000006,2930.796875,0.0],[-119.17779619999999,37.73023470000004,3076.3671875,0.0],[-119.14675349999999,37.73019850000003,2912.93359375,0.0],[-119.17795549999994,37.73010270000003,3076.4375,0.0],[-119.14619199999999,37.730096400000036,2913.3984375,0.0],[-119.17820039999998,37.73007570000004,3077.65625,0.0],[-119.14568999999995,37.72976190000003,2902.98046875,0.0],[-119.17296519999996,37.72965900000003,3028.2734375,0.0],[-119.14544589999997,37.729539000000045,2901.421875,0.0],[-119.17270329999997,37.72947800000003,3023.6484375,0.0],[-119.14452639999996,37.729466400000035,2896.890625,0.0],[-119.17212839999996,37.729250500000035,3015.49609375,0.0],[-119.14401479999998,37.72919960000007,2888.4609375,0.0],[-119.17195599999997,37.729111500000045,3011.7734375,0.0],[-119.14343519999994,37.72906340000003,2883.9921875,0.0],[-119.17191189999994,37.72891620000007,3007.91796875,0.0],[-119.14067369999998,37.728594600000065,2896.5078125,0.0],[-119.17133099999995,37.72851160000005,3002.56640625,0.0],[-119.13793719999995,37.72802800000005,2932.85546875,0.0],[-119.13917349999997,37.727815400000054,2914.41796875,0.0],[-119.12633369999998,37.71962140000005,2937.1953125,0.0],[-119.12024359999998,37.71312580000006,2905.6875,0.0],[-119.11890049999994,37.713042200000075,2930.80859375,0.0],[-119.11995249999995,37.71285270000004,2917.61328125,0.0],[-119.11561289999997,37.71160050000003,2969.40625,0.0],[-119.11695549999996,37.711409900000035,2932.4765625,0.0],[-119.11491109999997,37.710726400000055,2961.2421875,0.0],[-119.11363379999995,37.70834200000007,2940.0234375,0.0],[-119.10975399999995,37.70716300000004,2964.72265625,0.0],[-119.10802769999998,37.70256420000004,2924.8046875,0.0],[-119.09190039999999,37.689612700000055,2725.078125,0.0],[-119.08631069999996,37.68691720000004,2676.8515625,0.0],[-119.08817929999998,37.68687360000007,2689.515625,0.0],[-119.08562829999994,37.686613700000066,2671.6328125,0.0],[-119.08760199999995,37.68661140000006,2682.5234375,0.0],[-119.08517269999999,37.68659700000006,2676.2265625,0.0],[-119.08746929999995,37.68647510000005,2677.66015625,0.0],[-119.08152899999999,37.68545840000007,2652.0234375,0.0],[-119.08303629999995,37.684208900000044,2597.67578125,0.0],[-119.08223069999997,37.68357780000008,2601.625,0.0],[-119.08511869999995,37.68260820000006,2553.59765625,0.0],[-119.09761859999998,37.682512200000076,2532.23046875,0.0],[-119.08549779999998,37.68247400000007,2551.69140625,0.0],[-119.09764069999994,37.682277800000065,2524.3359375,0.0],[-119.08600919999998,37.68214390000003,2544.40625,0.0],[-119.09750779999996,37.68201390000007,2525.828125,0.0],[-119.08610899999996,37.68120000000005,2541.33203125,0.0],[-119.09783649999997,37.68075860000005,2464.72265625,0.0],[-119.08691809999999,37.68069140000006,2539.65625,0.0],[-119.09754759999998,37.68052340000003,2467.48046875,0.0],[-119.08765019999998,37.68048710000005,2543.1015625,0.0],[-119.09665989999996,37.68048680000004,2490.0546875,0.0],[-119.08826049999999,37.68039040000008,2543.64453125,0.0],[-119.09657749999997,37.68005740000007,2474.26953125,0.0],[-119.09011969999995,37.679889100000025,2542.78125,0.0],[-119.09574319999996,37.67885000000007,2464.47265625,0.0],[-119.08117679999998,37.67157220000007,2413.9609375,0.0],[-119.07666159999997,37.665943800000036,2409.40625,0.0],[-119.08000099999998,37.65872510000003,2380.0,0.0],[-119.08054229999999,37.65306480000004,2376.640625,0.0],[-119.07739429999998,37.650992700000074,2371.921875,0.0],[-119.07732149999998,37.64842820000007,2371.453125,0.0],[-119.08112689999996,37.64330270000005,2339.88671875,0.0],[-119.08648239999997,37.641071400000044,2335.1796875,0.0],[-119.08846469999997,37.636654100000044,2332.4140625,0.0],[-119.08748969999999,37.63420380000008,2336.7578125,0.0],[-119.08944499999996,37.632567900000026,2360.22265625,0.0],[-119.08731969999997,37.62515320000006,2362.515625,0.0],[-119.08785749999998,37.62135570000004,2370.45703125,0.0],[-119.08607589999997,37.61539010000007,2311.48046875,0.0],[-119.08717099999996,37.615308500000026,2332.2578125,0.0],[-119.08603439999996,37.615260300000045,2311.53125,0.0],[-119.08711389999996,37.61498100000006,2327.67578125,0.0],[-119.07683279999998,37.61189520000005,2346.140625,0.0],[-119.07832709999997,37.61183840000007,2324.66796875,0.0],[-119.07671569999997,37.61170930000003,2347.26171875,0.0],[-119.07797459999995,37.61168730000003,2330.14453125,0.0],[-119.07118669999994,37.60415890000007,2412.265625,0.0],[-119.06349259999996,37.60400710000005,2497.10546875,0.0],[-119.07068489999995,37.60388860000006,2416.66796875,0.0],[-119.06320029999995,37.60314900000003,2502.6796875,0.0],[-119.06974679999996,37.603032400000075,2416.625,0.0],[-119.06261839999996,37.60219310000008,2518.63671875,0.0],[-119.06226189999995,37.59881440000004,2524.375,0.0],[-119.06082249999997,37.598793200000046,2603.28515625,0.0],[-119.06229829999995,37.59840790000004,2529.3671875,0.0],[-119.06060979999995,37.59835530000004,2613.29296875,0.0],[-119.06228549999997,37.59752770000006,2544.34375,0.0],[-119.06038859999995,37.59733430000006,2618.17578125,0.0],[-119.06233039999995,37.597261100000026,2546.2890625,0.0],[-119.06019549999996,37.59702150000004,2622.3125,0.0],[-119.06228389999995,37.59691430000004,2552.05859375,0.0],[-119.06014889999994,37.59683160000003,2623.04296875,0.0],[-119.06221219999998,37.59573900000004,2548.578125,0.0],[-119.05990939999998,37.59554910000003,2640.16015625,0.0],[-119.06203699999998,37.595191800000066,2549.44921875,0.0],[-119.05934379999997,37.59461890000006,2645.21484375,0.0],[-119.06185899999997,37.59431960000006,2564.54296875,0.0],[-119.05867659999996,37.59401180000003,2650.046875,0.0],[-119.05826029999997,37.590642600000024,2648.8203125,0.0],[-119.05147619999997,37.58620490000004,2719.63671875,0.0],[-119.04872459999996,37.581543200000056,2737.9140625,0.0],[-119.04549229999998,37.578944500000034,2786.671875,0.0],[-119.04431599999998,37.57494930000007,2801.90234375,0.0],[-119.04023509999996,37.57311790000006,2808.0625,0.0],[-119.03953019999994,37.571241300000054,2806.77734375,0.0],[-119.04051049999998,37.56861210000005,2799.99609375,0.0],[-119.03919449999995,37.564465400000074,2795.64453125,0.0],[-119.03365909999997,37.563582100000076,2780.46875,0.0],[-119.03827599999994,37.56358060000008,2777.5,0.0],[-119.03372499999995,37.56347960000005,2779.8203125,0.0],[-119.03425329999999,37.56023310000006,2812.1484375,0.0],[-119.03084509999996,37.556412400000056,2831.28515625,0.0],[-119.03108639999999,37.55255990000006,2858.48828125,0.0],[-119.01887039999997,37.55153820000004,2974.16015625,0.0],[-119.02882279999994,37.55146300000007,2885.0,0.0],[-119.01853239999997,37.55143220000008,2976.40625,0.0],[-119.02695359999996,37.55135190000004,2902.2578125,0.0],[-119.01768929999997,37.551266800000064,2984.55078125,0.0],[-119.02796219999999,37.551226400000076,2893.44921875,0.0],[-119.01722359999997,37.55111630000005,2989.16796875,0.0],[-119.01484679999999,37.54973710000007,3008.25390625,0.0],[-118.99840299999994,37.54960170000004,3090.51953125,0.0],[-119.01392059999995,37.54937330000007,3018.63671875,0.0],[-118.99762069999997,37.54913250000004,3089.45703125,0.0],[-119.00928009999996,37.548667900000055,3037.9765625,0.0],[-118.99699819999995,37.548623500000076,3087.5703125,0.0],[-119.01148729999994,37.54858720000004,3035.1953125,0.0],[-118.99642649999998,37.547998300000074,3091.09375,0.0],[-119.00673679999994,37.547932100000025,3054.1015625,0.0],[-118.99627049999998,37.547883400000046,3092.55859375,0.0],[-119.00654279999998,37.54767920000006,3057.6015625,0.0],[-118.99611089999996,37.547380600000054,3091.28515625,0.0],[-119.00638489999994,37.54726880000004,3053.47265625,0.0],[-118.99585879999995,37.54717450000004,3092.03125,0.0],[-119.00624619999996,37.54712400000005,3054.37109375,0.0],[-118.99568199999999,37.54669640000003,3091.0625,0.0],[-119.00484599999999,37.54667080000007,3056.41015625,0.0],[-118.99532459999995,37.54602130000006,3096.3125,0.0],[-118.99491409999996,37.543387100000075,3094.17578125,0.0],[-118.99063549999994,37.54303230000005,3096.640625,0.0],[-118.99400329999997,37.54301860000004,3095.1328125,0.0],[-118.99039079999994,37.542728400000044,3098.85546875,0.0],[-118.98858229999996,37.53922570000003,3112.7578125,0.0],[-118.97040889999994,37.539068400000076,3052.62109375,0.0],[-118.98828079999998,37.53895290000003,3112.1015625,0.0],[-118.97003749999999,37.538860500000055,3061.328125,0.0],[-118.98796089999996,37.53877410000007,3114.51171875,0.0],[-118.96992959999994,37.53861690000008,3071.20703125,0.0],[-118.98784119999999,37.538612500000056,3111.52734375,0.0],[-118.96948449999996,37.53845910000007,3087.5703125,0.0],[-118.9877679,37.53826890000005,3105.46484375,0.0],[-118.96938069999999,37.538195700000074,3101.57421875,0.0],[-118.98755169999998,37.53798860000006,3100.61328125,0.0],[-118.96923089999996,37.53784410000003,3118.12109375,0.0],[-118.98474369999997,37.53772100000003,3090.55078125,0.0],[-118.96926019999995,37.53756620000007,3128.81640625,0.0],[-118.98236689999999,37.53715930000004,3080.29296875,0.0],[-118.96945819999996,37.53702150000004,3141.25,0.0],[-118.98211649999996,37.53648960000004,3086.1875,0.0],[-118.96972599999998,37.536428200000046,3153.98828125,0.0],[-118.98203249999995,37.536388500000044,3088.16015625,0.0],[-118.97005969999998,37.536257600000056,3150.7734375,0.0],[-118.98190169999998,37.536050800000055,3080.5,0.0],[-118.97014329999996,37.53574140000006,3159.171875,0.0],[-118.98067019999996,37.53565860000003,3073.5546875,0.0],[-118.97034559999997,37.53547210000005,3165.421875,0.0],[-118.9699503,37.531744900000035,3179.8828125,0.0],[-118.96773359999997,37.52914350000003,3188.42578125,0.0],[-118.95017459999997,37.52899220000006,3038.71875,0.0],[-118.96760599999999,37.52890740000004,3189.58203125,0.0],[-118.94954549999994,37.528692300000046,3026.2734375,0.0],[-118.96705669999994,37.52803190000003,3192.33984375,0.0],[-118.94940039999994,37.52802400000007,3021.4296875,0.0],[-118.96671629999997,37.52756910000005,3190.453125,0.0],[-118.94598069999995,37.52752950000007,3076.22265625,0.0],[-118.96661609999995,37.52747580000005,3189.85546875,0.0],[-118.94612919999997,37.52735880000006,3076.51953125,0.0],[-118.96629769999998,37.52734010000006,3189.55078125,0.0],[-118.94668399999995,37.52724900000004,3066.80078125,0.0],[-118.96587109999996,37.526905800000065,3176.7421875,0.0],[-118.94540989999996,37.52657730000004,3113.734375,0.0],[-118.96520629999998,37.52653950000007,3193.046875,0.0],[-118.94540709999995,37.52638020000006,3115.2734375,0.0],[-118.96491739999999,37.52630370000003,3195.30859375,0.0],[-118.94599779999999,37.52621480000005,3103.375,0.0],[-118.96466089999996,37.52596680000005,3187.53515625,0.0],[-118.94553339999999,37.52574420000008,3118.9765625,0.0],[-118.96433489999998,37.52549230000005,3186.609375,0.0],[-118.94538539999996,37.52545440000006,3123.84765625,0.0],[-118.96419529999997,37.52530530000007,3186.15625,0.0],[-118.94536779999999,37.52518210000005,3126.96875,0.0],[-118.9640743,37.524981000000025,3182.796875,0.0],[-118.94556579999994,37.52460940000003,3131.1328125,0.0],[-118.96377479999995,37.52452930000004,3177.01171875,0.0],[-118.94505299999997,37.52433460000003,3155.87890625,0.0],[-118.96321459999996,37.52421920000006,3156.40234375,0.0],[-118.94507019999998,37.52418000000006,3161.4296875,0.0],[-118.94015079999997,37.518188000000066,3208.89453125,0.0],[-118.93749189999994,37.51675320000004,3174.5,0.0],[-118.93842519999998,37.516526000000056,3193.59765625,0.0],[-118.93283009999999,37.51619210000007,3151.84375,0.0],[-118.93709099999995,37.51616190000004,3170.17578125,0.0],[-118.93284479999994,37.516049200000054,3152.94921875,0.0],[-118.9361017,37.516035500000044,3161.59765625,0.0],[-118.93264689999995,37.51571910000007,3155.078125,0.0],[-118.92824499999995,37.50647660000004,3175.109375,0.0],[-118.92163959999999,37.50634230000003,3105.05859375,0.0],[-118.92755289999997,37.50614950000005,3167.0078125,0.0],[-118.92224689999995,37.50612350000006,3098.44140625,0.0],[-118.92699799999997,37.50606790000006,3163.8203125,0.0],[-118.92262589999996,37.50593120000008,3086.55078125,0.0],[-118.92547719999999,37.505922300000066,3152.88671875,0.0],[-118.92303179999999,37.50430360000007,2999.53515625,0.0],[-118.92481249999997,37.504067200000065,3039.69921875,0.0],[-118.92295219999994,37.50405080000007,2985.359375,0.0],[-118.92489479999995,37.50398830000006,3038.8359375,0.0],[-118.92254509999998,37.50343200000003,2940.6953125,0.0],[-118.93391269999995,37.49264950000003,2823.359375,0.0],[-118.93213639999999,37.49181390000007,2808.33984375,0.0],[-118.93529609999996,37.48878920000004,2852.375,0.0],[-118.93439809999995,37.48790610000003,2894.7578125,0.0],[-118.93640229999994,37.48513440000005,2929.80078125,0.0],[-118.93643789999999,37.481561500000055,2961.1875,0.0],[-118.92991429999995,37.480704600000024,3063.19140625,0.0],[-118.93358389999997,37.48054040000005,2997.48828125,0.0],[-118.92945849999995,37.48051110000006,3070.0625,0.0],[-118.93336309999995,37.48033220000008,2998.51953125,0.0],[-118.92850959999998,37.48021350000005,3073.8828125,0.0],[-118.93315599999994,37.48018060000004,3000.94921875,0.0],[-118.92819809999997,37.480089400000054,3079.30859375,0.0],[-118.93278449999997,37.479956300000026,3010.36328125,0.0],[-118.92786979999994,37.479826900000035,3084.70703125,0.0],[-118.92418379999998,37.47765670000007,3135.57421875,0.0],[-118.92492579999998,37.47621110000006,3147.14453125,0.0],[-118.92761929999995,37.47606110000004,3182.8359375,0.0],[-118.92545119999994,37.475900900000056,3149.8984375,0.0],[-118.92943709999997,37.47503240000003,3209.1171875,0.0],[-118.92845949999997,37.47353190000007,3210.57421875,0.0],[-118.92430179999997,37.47334590000003,3272.87109375,0.0],[-118.92834079999994,37.47323810000006,3209.30078125,0.0],[-118.92389319999995,37.473149500000034,3279.640625,0.0],[-118.92819799999995,37.47303910000005,3208.33984375,0.0],[-118.92362139999994,37.47300180000008,3282.12109375,0.0],[-118.92816369999997,37.472870700000044,3206.87109375,0.0],[-118.92332816499999,37.47263437100003,3286.60546875,0.0],[-118.92778119999997,37.47258240000008,3206.83203125,0.0],[-118.92317804499999,37.47256807100007,3287.79296875,0.0],[-118.92755809999994,37.47247710000005,3209.7890625,0.0],[-118.92306480599996,37.47245650700006,3289.26953125,0.0],[-118.92738329999997,37.47245300000003,3212.4453125,0.0],[-118.92251738299996,37.471260494000035,3301.9140625,0.0],[-118.92373059999994,37.46940820000003,3313.70703125,0.0],[-118.92260039999996,37.468546900000035,3285.734375,0.0],[-118.92309849999998,37.466828200000066,3257.19921875,0.0],[-118.91955729999995,37.463580800000045,3203.171875,0.0],[-118.91846519999996,37.45825110000004,3177.68359375,0.0],[-118.92009079999997,37.447720600000025,3099.984375,0.0],[-118.92301649999996,37.44661910000008,3033.28515625,0.0],[-118.92217509999995,37.44657270000005,3052.0078125,0.0],[-118.92323069999998,37.446232500000065,3024.81640625,0.0],[-118.92321929999997,37.444233300000064,3000.1875,0.0],[-118.91996169999999,37.44228090000007,2962.51953125,0.0],[-118.92076019999996,37.44216110000008,2963.0078125,0.0],[-118.91774149999998,37.44167850000008,2949.765625,0.0],[-118.91942929999999,37.44156330000004,2953.68359375,0.0],[-118.90826409999994,37.439219800000046,2774.65234375,0.0],[-118.91255009999998,37.43867350000005,2923.03515625,0.0],[-118.90755159999998,37.43867300000005,2748.1015625,0.0],[-118.9126326,37.43862770000004,2923.7421875,0.0],[-118.90759569999994,37.438600500000064,2747.11328125,0.0],[-118.91265209999995,37.43837750000006,2915.37890625,0.0],[-118.90740709999994,37.43813380000006,2742.390625,0.0],[-118.91277899999994,37.43803290000005,2911.046875,0.0],[-118.90749949999997,37.43793290000008,2739.546875,0.0],[-118.91273009999998,37.43789700000008,2909.7734375,0.0],[-118.90743869999994,37.437842800000055,2740.6875,0.0],[-118.91259399999996,37.43775260000007,2905.22265625,0.0],[-118.90745319999996,37.43774590000004,2739.8203125,0.0],[-118.91242239999997,37.43770470000004,2899.98828125,0.0],[-118.90778749999998,37.43730940000006,2726.14453125,0.0],[-118.90745879999997,37.43635920000003,2717.8125,0.0],[-118.91050189999999,37.42970280000003,2661.66015625,0.0],[-118.90895759999995,37.425494300000025,2619.92578125,0.0],[-118.91239919999998,37.41884570000008,2492.69921875,0.0],[-118.91157479999998,37.41772290000006,2483.48828125,0.0],[-118.91567089999995,37.415733500000044,2435.5859375,0.0],[-118.91391899999996,37.41559330000007,2437.453125,0.0],[-118.92286659999996,37.41423510000004,2429.59765625,0.0],[-118.92465849999996,37.41255730000006,2407.62890625,0.0],[-118.92376529999996,37.411380800000074,2401.9375,0.0],[-118.93004629999996,37.40901000000008,2454.51171875,0.0],[-118.92903379999996,37.408969300000024,2442.32421875,0.0],[-118.93076849999994,37.40830950000003,2483.9453125,0.0],[-118.93015749999995,37.40689210000005,2524.63671875,0.0],[-118.93218439999998,37.405107100000066,2549.33203125,0.0],[-118.93006549999996,37.40418170000004,2627.98046875,0.0],[-118.93147489999996,37.40400550000004,2609.73828125,0.0],[-118.92769559999999,37.40355770000008,2693.203125,0.0],[-118.92953289999997,37.402815900000064,2732.7421875,0.0],[-118.92695939999999,37.40118480000007,2826.56640625,0.0],[-118.92865629999994,37.400737400000025,2847.421875,0.0],[-118.93051789999998,37.397617000000025,2903.23046875,0.0],[-118.92991769999998,37.395929900000056,2948.7421875,0.0],[-118.92712469999998,37.395271800000046,2996.70703125,0.0],[-118.92938159999994,37.39526760000007,2964.46875,0.0],[-118.92678169999999,37.39482400000003,3000.22265625,0.0],[-118.92776089999995,37.394330800000034,2986.703125,0.0],[-118.92573979999997,37.39390000000003,3008.0,0.0],[-118.91335619999995,37.38369030000007,3026.94140625,0.0],[-118.90574509999999,37.380772000000036,2969.12109375,0.0],[-118.90489539999999,37.37977060000003,2922.875,0.0],[-118.90671759999998,37.379016500000034,2898.94140625,0.0],[-118.90423189999996,37.37887800000004,2884.62109375,0.0],[-118.90670509999995,37.37886490000005,2891.9765625,0.0],[-118.90399509999997,37.378630100000066,2874.41015625,0.0],[-118.90623349999998,37.378598200000056,2889.765625,0.0],[-118.90347829999996,37.37829650000003,2855.54296875,0.0],[-118.90430039999995,37.37754520000004,2829.8125,0.0],[-118.89926959999997,37.37578110000004,2782.29296875,0.0],[-118.89491989999999,37.371582800000056,2744.0546875,0.0],[-118.89045499999997,37.37036180000007,2739.09765625,0.0],[-118.88454379999996,37.365761700000064,2754.34375,0.0],[-118.87704749999995,37.35178900000005,2810.90625,0.0],[-118.87876019999999,37.35090720000005,2816.01953125,0.0],[-118.87815649999999,37.34697280000006,2833.6796875,0.0],[-118.87338409999995,37.34329420000006,2850.21875,0.0],[-118.86983319999996,37.336284800000044,2894.65234375,0.0],[-118.86804249999994,37.33513790000006,2906.89453125,0.0],[-118.86675299999996,37.33078480000006,2912.5625,0.0],[-118.86870829999998,37.32835310000007,2927.78125,0.0],[-118.86770569999999,37.32641800000005,2950.23046875,0.0],[-118.86846489999999,37.32529860000005,2968.58984375,0.0],[-118.86707329999996,37.324157900000046,2982.390625,0.0],[-118.87217369999996,37.31660690000007,3050.7265625,0.0],[-118.87220819999999,37.31214650000004,3108.01171875,0.0],[-118.87510239999995,37.309244800000045,3127.75,0.0],[-118.87530159999994,37.305803300000036,3157.2265625,0.0],[-118.87370759999999,37.30274810000003,3187.76171875,0.0],[-118.87150669999994,37.30183530000005,3219.64453125,0.0],[-118.87148429999996,37.29856860000007,3221.94921875,0.0],[-118.87336099999999,37.29503230000006,3232.8515625,0.0],[-118.87207149999995,37.291994500000044,3251.33203125,0.0],[-118.87302269999998,37.28809230000007,3279.55078125,0.0],[-118.87429419999995,37.287940400000025,3270.171875,0.0],[-118.87297639999997,37.28790570000007,3278.421875,0.0],[-118.87428409999995,37.28748000000007,3246.390625,0.0],[-118.87413249999997,37.28148980000003,3218.7265625,0.0],[-118.87567939999997,37.27860580000004,3181.0859375,0.0],[-118.87813799999998,37.277381200000036,3145.3125,0.0],[-118.87577369999997,37.275630600000056,3114.12109375,0.0],[-118.87684739999997,37.27550020000007,3115.45703125,0.0],[-118.87583819999998,37.275485900000035,3111.21875,0.0],[-118.87520139999998,37.27166560000006,3108.171875,0.0],[-118.87781009999998,37.269483200000025,3103.78125,0.0],[-118.87814339999994,37.26419320000008,3091.77734375,0.0],[-118.87626919999997,37.26310150000006,3082.01171875,0.0],[-118.87715799999995,37.26307950000006,3085.0859375,0.0],[-118.87652989999998,37.261870300000055,3063.05859375,0.0],[-118.87337619999994,37.26105130000008,3065.9375,0.0],[-118.87485109999994,37.260972700000025,3054.34375,0.0],[-118.87332619999995,37.260941100000025,3066.4609375,0.0],[-118.87473529999994,37.26075330000003,3054.58984375,0.0],[-118.87283559999997,37.259465800000044,3073.28515625,0.0],[-118.86956659999998,37.25904900000006,3080.50390625,0.0],[-118.87260309999999,37.258628800000054,3080.67578125,0.0],[-118.86486609999997,37.25799680000006,3044.19921875,0.0],[-118.86615129999996,37.25706660000003,3027.3671875,0.0],[-118.86507599999999,37.257045600000026,3023.5,0.0],[-118.86558679999996,37.25516780000004,2994.63671875,0.0],[-118.86443949999995,37.253417300000024,2979.39453125,0.0],[-118.86789749999997,37.25061210000007,2907.1484375,0.0],[-118.86670399999997,37.25014770000007,2932.6484375,0.0],[-118.86928589999997,37.24977290000004,2827.2109375,0.0],[-118.86710179999994,37.249423300000046,2905.48828125,0.0],[-118.87148619999999,37.24901280000006,2732.42578125,0.0],[-118.86691479999996,37.24818080000006,2872.25390625,0.0],[-118.87086699999998,37.248013900000046,2722.24609375,0.0],[-118.86845469999997,37.247797700000035,2795.23046875,0.0],[-118.87076289999999,37.24772690000003,2715.97265625,0.0],[-118.86965399999997,37.24581920000003,2689.17578125,0.0],[-118.87154539999995,37.24530200000004,2646.01171875,0.0],[-118.86968819999998,37.24493240000004,2675.81640625,0.0],[-118.87160239999997,37.24484220000005,2640.22265625,0.0],[-118.86966779999995,37.244573700000046,2666.36328125,0.0],[-118.87165559999994,37.24405070000006,2620.7421875,0.0],[-118.86964229999995,37.24289820000007,2607.51171875,0.0],[-118.87182109999998,37.24226330000005,2565.390625,0.0],[-118.86717899999996,37.23652350000003,2520.26171875,0.0],[-118.87070369999998,37.234611200000074,2461.32421875,0.0],[-118.86685629999994,37.23269490000007,2445.8046875,0.0],[-118.86490999999995,37.22840820000005,2424.296875,0.0],[-118.86089329999999,37.22538510000004,2413.5625,0.0],[-118.83305939999997,37.22530160000008,2461.43359375,0.0],[-118.86062319999996,37.22528450000004,2414.35546875,0.0],[-118.83285639999997,37.225243600000056,2460.7265625,0.0],[-118.84433619999999,37.22491860000008,2428.375,0.0],[-118.83201559999998,37.22455940000003,2461.453125,0.0],[-118.85920719999996,37.22447140000003,2416.2109375,0.0],[-118.83006969999997,37.22374460000003,2455.5078125,0.0],[-118.85722459999994,37.22365410000003,2416.4375,0.0],[-118.82977419999997,37.223569000000055,2454.0859375,0.0],[-118.85697259999995,37.223553700000025,2418.2578125,0.0],[-118.82965809999996,37.223359800000026,2452.5234375,0.0],[-118.85668189999996,37.223288600000046,2414.17578125,0.0],[-118.82925459999996,37.22310470000008,2458.85546875,0.0],[-118.85618999999997,37.22308940000005,2408.30859375,0.0],[-118.82901539999995,37.22282560000008,2457.6875,0.0],[-118.85455449999995,37.222788500000036,2413.19140625,0.0],[-118.82824129999995,37.22246860000007,2461.75390625,0.0],[-118.85398529999998,37.22238160000006,2413.546875,0.0],[-118.82749619999998,37.222084100000075,2465.390625,0.0],[-118.82451279999998,37.220317900000055,2490.05859375,0.0],[-118.82521749999995,37.21762190000004,2495.1328125,0.0],[-118.82394089999997,37.216423200000065,2486.515625,0.0],[-118.81424679999998,37.21269700000005,2511.84765625,0.0],[-118.80856879999999,37.206033700000035,2546.6796875,0.0],[-118.80087959999997,37.20330310000003,2558.03515625,0.0],[-118.79845549999999,37.20023900000007,2565.7890625,0.0],[-118.79849239999999,37.19715220000006,2578.99609375,0.0],[-118.77451789999998,37.19687090000008,2823.66796875,0.0],[-118.79840999999999,37.196789300000034,2577.109375,0.0],[-118.77401429999998,37.19669070000003,2821.6171875,0.0],[-118.79816269999998,37.19637770000003,2573.6328125,0.0],[-118.77356519999995,37.19597950000008,2822.03125,0.0],[-118.79814669999996,37.19581080000006,2583.3125,0.0],[-118.77300869999999,37.195243600000026,2822.29296875,0.0],[-118.79760749999997,37.19477690000008,2584.3984375,0.0],[-118.77249379999995,37.19468550000005,2823.734375,0.0],[-118.79738279999998,37.19462160000006,2582.22265625,0.0],[-118.77039579999996,37.19395210000005,2830.65625,0.0],[-118.79572169999994,37.19391660000008,2583.109375,0.0],[-118.77006989999995,37.19386490000005,2830.07421875,0.0],[-118.79571339999995,37.19377130000004,2583.37890625,0.0],[-118.76984759999999,37.19368920000005,2831.71484375,0.0],[-118.79564439999996,37.19365190000008,2583.75,0.0],[-118.76959989999995,37.19362110000003,2832.96875,0.0],[-118.79566589999996,37.19350990000004,2583.5234375,0.0],[-118.76937639999994,37.193328800000074,2833.42578125,0.0],[-118.79558579999997,37.193328800000074,2583.125,0.0],[-118.76865619999995,37.19317540000003,2836.0625,0.0],[-118.79523559999996,37.19313760000006,2582.97265625,0.0],[-118.76587279999995,37.19293860000005,2855.46875,0.0],[-118.79501719999996,37.192839900000024,2584.171875,0.0],[-118.76530539999999,37.192723400000034,2862.04296875,0.0],[-118.7583507,37.19137710000007,2905.63671875,0.0],[-118.76005909999998,37.191368200000056,2893.4453125,0.0],[-118.75211969999998,37.18911520000006,2915.31640625,0.0],[-118.75370559999999,37.18903900000004,2907.8359375,0.0],[-118.73869759999997,37.18729170000006,2957.359375,0.0],[-118.72484149999997,37.182601100000056,2994.109375,0.0],[-118.71918969999996,37.177461900000026,3011.625,0.0],[-118.70651829999997,37.17734900000005,3254.6171875,0.0],[-118.71860629999998,37.177256200000045,3014.41796875,0.0],[-118.70522539999996,37.17708360000006,3264.96484375,0.0],[-118.71822979999996,37.17689150000007,3016.81640625,0.0],[-118.70501639999998,37.17679090000007,3256.9140625,0.0],[-118.71750699999996,37.17647530000005,3026.90625,0.0],[-118.70437439999995,37.17637610000003,3266.54296875,0.0],[-118.71742409999996,37.17622330000006,3028.51171875,0.0],[-118.70423289999997,37.176145200000065,3267.91015625,0.0],[-118.71713369999998,37.17599870000004,3030.52734375,0.0],[-118.70409149999995,37.17588530000006,3271.17578125,0.0],[-118.71665659999996,37.17583890000003,3032.046875,0.0],[-118.70312889999997,37.17566580000005,3294.40625,0.0],[-118.71627619999998,37.17556760000008,3028.8359375,0.0],[-118.70267889999997,37.175087000000076,3297.96875,0.0],[-118.71509449999996,37.175031500000046,3038.02734375,0.0],[-118.70277509999994,37.17487930000004,3298.44921875,0.0],[-118.71471879999996,37.17479810000003,3036.82421875,0.0],[-118.70264279999998,37.17387260000004,3315.640625,0.0],[-118.71353929999998,37.17376370000005,3035.578125,0.0],[-118.69579679999998,37.17347250000006,3324.35546875,0.0],[-118.71285789999996,37.17343400000004,3042.61328125,0.0],[-118.69450559999996,37.172970500000076,3329.296875,0.0],[-118.70175889999996,37.17264360000007,3320.9921875,0.0],[-118.69338969999995,37.17212250000006,3340.33984375,0.0],[-118.70072599999997,37.17202590000005,3320.125,0.0],[-118.69312329999997,37.17181580000005,3337.30078125,0.0],[-118.69180699999998,37.16613780000006,3321.1484375,0.0],[-118.69020719999997,37.16443940000005,3320.640625,0.0],[-118.69101199999994,37.16080020000004,3316.54296875,0.0],[-118.69474019999996,37.15691240000007,3346.42578125,0.0],[-118.69637989999995,37.151070600000025,3358.16015625,0.0],[-118.69580059999998,37.14536300000003,3394.2578125,0.0],[-118.69928889999994,37.133925600000055,3456.4765625,0.0],[-118.69877159999999,37.13102150000003,3478.41015625,0.0],[-118.69674869999994,37.12988930000006,3485.49609375,0.0],[-118.69720769999998,37.12843170000008,3496.36328125,0.0],[-118.69173769999998,37.12479330000008,3498.71484375,0.0],[-118.64675439999996,37.12460990000005,3346.11328125,0.0],[-118.69127189999995,37.12441760000007,3501.24609375,0.0],[-118.64625669999998,37.124348600000076,3336.08984375,0.0],[-118.6911816,37.124293100000045,3499.52734375,0.0],[-118.64614609999995,37.12428700000004,3333.12890625,0.0],[-118.69093699999996,37.12408380000005,3498.03125,0.0],[-118.64525279999998,37.12376590000008,3310.8125,0.0],[-118.69068439999995,37.123758500000065,3496.50390625,0.0],[-118.64502289999996,37.12375030000004,3306.8203125,0.0],[-118.69041459999994,37.12356580000005,3498.3203125,0.0],[-118.64435139999995,37.123443200000054,3300.7578125,0.0],[-118.68996859999999,37.12337320000006,3501.48828125,0.0],[-118.64393649999994,37.123131700000044,3301.19921875,0.0],[-118.68951799999996,37.123008500000026,3502.82421875,0.0],[-118.64226419999994,37.122757800000045,3307.0078125,0.0],[-118.68912629999994,37.12275090000003,3498.23046875,0.0],[-118.64208549999995,37.12264540000007,3305.609375,0.0],[-118.68883459999995,37.122489200000075,3498.22265625,0.0],[-118.64184249999994,37.12215340000006,3299.609375,0.0],[-118.68850939999999,37.12210550000003,3497.06640625,0.0],[-118.64158479999998,37.12181300000003,3295.25390625,0.0],[-118.68767679999996,37.12153660000007,3500.8359375,0.0],[-118.64142869999995,37.12143160000005,3285.75390625,0.0],[-118.68700949999999,37.12105120000007,3508.27734375,0.0],[-118.64152159999998,37.120982500000025,3277.359375,0.0],[-118.68670099999997,37.12085570000005,3508.8515625,0.0],[-118.64162589999995,37.12080320000007,3274.4140625,0.0],[-118.68606949999997,37.12077470000003,3515.953125,0.0],[-118.64170109999998,37.12074020000006,3273.31640625,0.0],[-118.68587439999999,37.120640200000025,3516.60546875,0.0],[-118.64173269999998,37.11965640000005,3257.91796875,0.0],[-118.68389629999996,37.11952400000007,3514.3984375,0.0],[-118.64132139999998,37.119461200000046,3254.125,0.0],[-118.68376789999996,37.119358000000034,3512.6953125,0.0],[-118.6568332,37.11926840000007,3500.86328125,0.0],[-118.68292579999996,37.11890560000006,3520.81640625,0.0],[-118.64072579999998,37.11868860000004,3246.796875,0.0],[-118.68273449999998,37.118333300000074,3518.6796875,0.0],[-118.63974719999999,37.11817270000006,3248.96875,0.0],[-118.68230859999994,37.11799750000006,3518.23046875,0.0],[-118.63930599999998,37.11784090000003,3239.6796875,0.0],[-118.68202399999996,37.117720200000065,3519.53515625,0.0],[-118.63929509999997,37.11771650000003,3236.94921875,0.0],[-118.6819415,37.11771600000003,3519.203125,0.0],[-118.63957369999997,37.11730350000005,3229.0859375,0.0],[-118.68142409999996,37.117300500000056,3518.26953125,0.0],[-118.63960139999995,37.117156900000055,3224.7578125,0.0],[-118.6813694,37.117128800000046,3518.48046875,0.0],[-118.63984699999997,37.11706790000005,3220.390625,0.0],[-118.68112779999996,37.11692960000005,3516.2734375,0.0],[-118.6399027,37.11640230000006,3198.14453125,0.0],[-118.68047099999995,37.116342400000065,3523.17578125,0.0],[-118.63835989999995,37.11596320000007,3169.3359375,0.0],[-118.67894229999996,37.115828400000055,3534.8203125,0.0],[-118.63763369999998,37.115257100000065,3156.74609375,0.0],[-118.67632189999995,37.11502570000005,3553.9140625,0.0],[-118.63761189999997,37.11489000000006,3147.2578125,0.0],[-118.67465609999999,37.11448240000004,3590.12109375,0.0],[-118.63726829999996,37.114365200000066,3146.0859375,0.0],[-118.67434929999996,37.11433170000004,3592.71484375,0.0],[-118.63705719999996,37.11432970000004,3145.0078125,0.0],[-118.67488789999999,37.11430450000006,3586.66796875,0.0],[-118.62772109999997,37.11386010000007,2992.58203125,0.0],[-118.67319979999996,37.11368070000003,3605.92578125,0.0],[-118.61055159999995,37.11355210000005,2837.55078125,0.0],[-118.67264249999994,37.113455000000044,3617.19140625,0.0],[-118.61029179999997,37.113423400000045,2835.3046875,0.0],[-118.67244399999998,37.11323680000004,3622.1484375,0.0],[-118.60991059999998,37.11298480000005,2826.38671875,0.0],[-118.67210059999996,37.112971800000025,3627.16015625,0.0],[-118.60528639999995,37.11289690000007,2820.21875,0.0],[-118.67204679999998,37.11274940000004,3628.375,0.0],[-118.60469529999995,37.11255920000008,2823.88671875,0.0],[-118.67179829999998,37.112275400000044,3637.25390625,0.0],[-118.60405419999995,37.11194800000004,2817.4453125,0.0],[-118.66981659999999,37.11170580000004,3629.2265625,0.0],[-118.60387579999997,37.11154230000005,2818.9453125,0.0],[-118.59392779999996,37.09293500000007,2660.25,0.0],[-118.59545429999997,37.089492300000074,2643.0234375,0.0],[-118.59510919999997,37.08379300000007,2603.5234375,0.0],[-118.59662819999994,37.078808700000025,2568.46484375,0.0],[-118.59577389999998,37.07308670000003,2541.7578125,0.0],[-118.58672039999999,37.06161640000005,2509.7890625,0.0],[-118.48485929999998,37.06068360000006,3262.22265625,0.0],[-118.58651439999994,37.06067310000003,2520.51171875,0.0],[-118.48283199999997,37.06006140000005,3267.6640625,0.0],[-118.58620719999999,37.05998960000005,2517.203125,0.0],[-118.48193189999995,37.05959660000008,3271.23828125,0.0],[-118.58592979999997,37.059432300000026,2514.90234375,0.0],[-118.48180239999999,37.05934030000003,3265.0625,0.0],[-118.58592899999996,37.05932190000004,2514.5078125,0.0],[-118.48061469999999,37.05889110000004,3274.48828125,0.0],[-118.58549309999995,37.05875720000006,2516.1796875,0.0],[-118.47960919999997,37.05860480000007,3286.26953125,0.0],[-118.58475629999998,37.05813610000007,2512.21484375,0.0],[-118.47843579999994,37.057600500000035,3283.07421875,0.0],[-118.58346749999998,37.057469500000025,2503.828125,0.0],[-118.47781709999998,37.057222600000046,3277.63671875,0.0],[-118.58312709999996,37.057150300000046,2506.58984375,0.0],[-118.47738609999999,37.05702750000006,3279.2578125,0.0],[-118.58297319999997,37.05683430000005,2499.76171875,0.0],[-118.47691969999994,37.05674370000003,3285.4609375,0.0],[-118.58299649999998,37.05665380000005,2495.546875,0.0],[-118.47600369999998,37.05644430000007,3305.21875,0.0],[-118.58236129999995,37.05631050000005,2491.58984375,0.0],[-118.47576159999994,37.05613740000007,3300.17578125,0.0],[-118.58234349999998,37.05602290000007,2487.7734375,0.0],[-118.47510419999998,37.055958900000064,3306.04296875,0.0],[-118.58210629999996,37.05590700000005,2488.06640625,0.0],[-118.47433929999994,37.05569060000005,3309.5234375,0.0],[-118.58177399999994,37.055604800000026,2487.7734375,0.0],[-118.47358019999996,37.05519380000004,3308.29296875,0.0],[-118.58155229999994,37.05518340000003,2486.80078125,0.0],[-118.47315659999998,37.05473170000005,3307.25,0.0],[-118.58148459999995,37.05460110000007,2481.28515625,0.0],[-118.47311639999998,37.05459100000007,3305.34765625,0.0],[-118.58141719999998,37.054445000000044,2478.984375,0.0],[-118.47298479999995,37.05440050000004,3304.71484375,0.0],[-118.58119329999994,37.054139200000066,2473.5234375,0.0],[-118.47258,37.05388080000006,3307.21875,0.0],[-118.58087609999995,37.053596500000026,2470.87890625,0.0],[-118.47238049999999,37.05355510000004,3308.4140625,0.0],[-118.58063639999995,37.053449400000034,2468.7421875,0.0],[-118.47227489999995,37.053275100000064,3304.0078125,0.0],[-118.58057499999995,37.05299350000007,2459.8828125,0.0],[-118.47177849999997,37.05295980000005,3311.03515625,0.0],[-118.58041269999995,37.05285020000008,2456.63671875,0.0],[-118.47142759999997,37.052449000000024,3305.76171875,0.0],[-118.55680669999998,37.052292100000045,2577.09765625,0.0],[-118.47089319999998,37.051819400000056,3309.61328125,0.0],[-118.55620429999999,37.05173640000004,2578.97265625,0.0],[-118.47084899999999,37.05168750000007,3309.0,0.0],[-118.55605199999997,37.05162040000005,2580.4375,0.0],[-118.47046059999997,37.05158670000003,3318.64453125,0.0],[-118.55552339999997,37.051566200000025,2583.29296875,0.0],[-118.47040589999995,37.05153800000005,3319.3671875,0.0],[-118.55457979999994,37.05132960000003,2584.16796875,0.0],[-118.47028959999994,37.05116140000007,3317.3515625,0.0],[-118.46804709999998,37.045227700000055,3356.41796875,0.0],[-118.46514429999996,37.041779200000065,3410.66796875,0.0],[-118.46442609999997,37.03583900000007,3482.703125,0.0],[-118.46026689999997,37.03448220000007,3634.24609375,0.0],[-118.46011809999999,37.031214000000034,3673.19921875,0.0],[-118.45481609999996,37.031003300000066,3566.78515625,0.0],[-118.46020709999999,37.030937100000074,3672.24609375,0.0],[-118.45454889999996,37.030872300000055,3563.55859375,0.0],[-118.46051709999995,37.03028490000003,3682.9296875,0.0],[-118.45416869999997,37.03004190000007,3554.0625,0.0],[-118.46061929999996,37.03000910000003,3683.58203125,0.0],[-118.45412489999995,37.029734000000076,3550.9609375,0.0],[-118.46042799999998,37.029456700000026,3648.60546875,0.0],[-118.45429449999995,37.02917460000003,3545.109375,0.0],[-118.46027989999999,37.029004600000064,3630.015625,0.0],[-118.45458589999998,37.02869030000005,3539.51171875,0.0],[-118.46045119999997,37.01941410000006,3480.99609375,0.0],[-118.45963289999997,37.01383350000003,3425.1484375,0.0],[-118.4556088,37.009920400000055,3382.80859375,0.0],[-118.45189479999999,37.001080900000034,3308.8984375,0.0],[-118.44875769999999,36.98833630000007,3218.66796875,0.0],[-118.44428579999999,36.98202530000003,3166.7734375,0.0],[-118.44254559999996,36.97470770000007,3103.6875,0.0],[-118.4449363,36.97125050000005,3068.890625,0.0],[-118.44428599999998,36.969709600000044,3068.109375,0.0],[-118.43813239999997,36.968136800000025,3192.05859375,0.0],[-118.44102659999999,36.96802440000005,3127.921875,0.0],[-118.43836519999996,36.96769020000005,3194.79296875,0.0],[-118.44050929999997,36.96293040000006,3251.9140625,0.0],[-118.43875719999994,36.962124000000074,3284.58984375,0.0],[-118.43911399999996,36.96047590000006,3292.21484375,0.0],[-118.43674389999995,36.95860780000004,3305.546875,0.0],[-118.43654879999997,36.95584820000005,3347.0390625,0.0],[-118.43296659999999,36.95173190000003,3364.76171875,0.0],[-118.43264839999995,36.94710980000008,3395.59765625,0.0],[-118.42883029999996,36.946178700000075,3408.296875,0.0],[-118.42645829999998,36.94439650000004,3438.453125,0.0],[-118.42798629999999,36.94433740000005,3411.05078125,0.0],[-118.42154759999994,36.94004780000006,3508.51953125,0.0],[-118.41289739999996,36.937988500000074,3636.01953125,0.0],[-118.41592579999997,36.93776580000008,3568.09375,0.0],[-118.41274499999997,36.93757840000006,3642.375,0.0],[-118.41228799999999,36.934769800000026,3653.9921875,0.0],[-118.41115049999996,36.93446510000007,3616.87890625,0.0],[-118.41209379999998,36.934082500000045,3638.234375,0.0],[-118.41097439999999,36.933992800000055,3605.83984375,0.0],[-118.41218009999994,36.93392330000006,3637.14453125,0.0],[-118.41098159999996,36.93381950000003,3604.5546875,0.0],[-118.41077519999999,36.92986190000005,3523.4765625,0.0],[-118.40555399999994,36.926715700000045,3487.57421875,0.0],[-118.39891889999996,36.92660450000005,3459.6640625,0.0],[-118.40539739999997,36.92655620000005,3490.21875,0.0],[-118.39864409999996,36.926442000000065,3459.6953125,0.0],[-118.40412219999996,36.926442000000065,3496.16015625,0.0],[-118.39847399999996,36.92623270000007,3460.51953125,0.0],[-118.4030325,36.926071200000024,3492.3359375,0.0],[-118.39840579999998,36.926053000000024,3461.46875,0.0],[-118.40225229999999,36.925954500000046,3483.9921875,0.0],[-118.39810049999994,36.925851400000056,3455.88671875,0.0],[-118.40127319999999,36.92575560000006,3481.32421875,0.0],[-118.39668029999996,36.92494210000007,3432.77734375,0.0],[-118.39394169999997,36.92127920000007,3377.6875,0.0],[-118.39400169999999,36.91705440000004,3352.91015625,0.0],[-118.39829609999998,36.91037330000006,3254.859375,0.0],[-118.40058349999998,36.902342900000065,3156.8671875,0.0],[-118.4141909,36.897943000000055,2950.40234375,0.0],[-118.41643899999997,36.89563440000006,2926.953125,0.0],[-118.41798199999994,36.890436600000044,2844.14453125,0.0],[-118.42950019999995,36.88454480000007,2747.09375,0.0],[-118.43562799999995,36.87647300000003,2637.76953125,0.0],[-118.43927459999998,36.873802700000056,2597.4765625,0.0],[-118.43141979999996,36.872466100000054,2639.171875,0.0],[-118.43244929999997,36.87230030000006,2629.94921875,0.0],[-118.42851609999997,36.87065860000007,2670.81640625,0.0],[-118.41827389999997,36.85461890000005,2844.328125,0.0],[-118.41253889999996,36.85193590000006,2896.3046875,0.0],[-118.41314269999998,36.85026010000007,2910.01171875,0.0],[-118.40695789999995,36.84073250000006,3039.82421875,0.0],[-118.40785709999994,36.834898500000065,3117.53515625,0.0],[-118.40991209999999,36.831390300000066,3139.0,0.0],[-118.40896229999998,36.82286140000008,3200.90234375,0.0],[-118.40542069999998,36.81530550000008,3222.97265625,0.0],[-118.39870369999994,36.81001680000003,3235.2265625,0.0],[-118.39784219999996,36.807789600000035,3233.81640625,0.0],[-118.39814729999995,36.80428820000003,3212.0,0.0],[-118.40202149999999,36.80394640000003,3214.7265625,0.0],[-118.39811269999996,36.80358570000004,3212.0,0.0],[-118.40208949999999,36.803480800000045,3214.046875,0.0],[-118.39816229999997,36.803470900000036,3212.0,0.0],[-118.40242299999994,36.80335560000003,3214.83203125,0.0],[-118.39848919999997,36.80334320000003,3215.41015625,0.0],[-118.40238449999998,36.80326480000008,3215.26171875,0.0],[-118.39871099999999,36.803066100000024,3217.40625,0.0],[-118.40247499999998,36.80306400000006,3215.98046875,0.0],[-118.39884139999998,36.80301960000003,3217.7109375,0.0],[-118.40256099999999,36.802521100000035,3221.40625,0.0],[-118.40172639999997,36.80042110000005,3242.1640625,0.0],[-118.40368389999998,36.79971290000003,3311.4921875,0.0],[-118.40203449999996,36.799652500000036,3258.62109375,0.0],[-118.4042715,36.79956830000003,3321.94921875,0.0],[-118.40202959999999,36.79952360000004,3258.91015625,0.0],[-118.40432479999998,36.79944320000004,3321.3828125,0.0],[-118.40211029999995,36.79941560000003,3262.09765625,0.0],[-118.4045276,36.79932830000007,3326.69140625,0.0],[-118.40726449999994,36.79712950000004,3387.0234375,0.0],[-118.40972109999996,36.79302400000006,3468.7734375,0.0],[-118.4094945,36.79009860000008,3609.1640625,0.0],[-118.41354849999999,36.789307300000075,3631.44921875,0.0],[-118.41401869999999,36.78520710000004,3480.16796875,0.0],[-118.42266599999999,36.78390450000006,3363.16015625,0.0],[-118.42237749999998,36.77948770000006,3337.703125,0.0],[-118.41657579999998,36.77088210000005,3272.69921875,0.0],[-118.41192439999998,36.769149500000026,3230.89453125,0.0],[-118.41140839999997,36.76621830000005,3179.15625,0.0],[-118.40770799999996,36.765930000000026,3122.890625,0.0],[-118.40908319999994,36.76592270000003,3143.04296875,0.0],[-118.40779969999994,36.76500370000008,3079.078125,0.0],[-118.40794679999999,36.76307020000007,3019.41015625,0.0],[-118.41211719999995,36.760444300000074,2920.62890625,0.0],[-118.40877589999997,36.760333900000035,2917.51953125,0.0],[-118.41225169999996,36.76023410000005,2915.765625,0.0],[-118.40862469999996,36.760176700000045,2915.53515625,0.0],[-118.38871779999994,36.75059150000004,3076.4296875,0.0],[-118.38483829999996,36.74391380000003,3114.5859375,0.0],[-118.37147819999996,36.72992850000003,3249.36328125,0.0],[-118.37103499999995,36.720969300000036,3343.8984375,0.0],[-118.37275649999998,36.715144200000054,3410.57421875,0.0],[-118.36459689999998,36.714972800000055,3513.60546875,0.0],[-118.37275679999999,36.71489350000007,3415.3671875,0.0],[-118.36418549999996,36.714228200000036,3530.53515625,0.0],[-118.37264009999996,36.71417180000003,3420.44921875,0.0],[-118.36411879999997,36.714162300000055,3535.62890625,0.0],[-118.37237229999994,36.71361890000003,3429.3046875,0.0],[-118.36387919999999,36.71344820000007,3553.1328125,0.0],[-118.37205469999998,36.713348600000074,3434.29296875,0.0],[-118.36391129999998,36.71317680000004,3554.19140625,0.0],[-118.37190129999999,36.71311970000005,3434.45703125,0.0],[-118.36401609999996,36.713118300000076,3552.42578125,0.0],[-118.37172899999996,36.71301770000008,3436.66015625,0.0],[-118.36399909999994,36.71297290000007,3555.3671875,0.0],[-118.36587039999995,36.710097200000064,3602.8359375,0.0],[-118.36618439999995,36.70695150000006,3648.1484375,0.0],[-118.36532759999994,36.70679190000004,3653.625,0.0],[-118.36656889999995,36.70493520000008,3706.984375,0.0],[-118.36949139999996,36.70457000000005,3745.57421875,0.0],[-118.36759659999996,36.70428220000008,3724.7890625,0.0],[-118.36959619999999,36.70425380000006,3752.046875,0.0],[-118.36798909999999,36.70385010000007,3732.125,0.0],[-118.37014079999994,36.702813400000025,3797.7421875,0.0],[-118.36849609999996,36.70269600000006,3738.1328125,0.0],[-118.37048199999998,36.70266060000006,3810.37109375,0.0],[-118.36870509999994,36.70244880000007,3738.70703125,0.0],[-118.37314589999994,36.699870600000054,3891.984375,0.0],[-118.37224419999995,36.69604400000003,3927.19921875,0.0],[-118.37383979999998,36.69428020000004,3979.78125,0.0],[-118.37154479999998,36.69173150000006,3920.6953125,0.0],[-118.37598019999996,36.68907790000003,3807.32421875,0.0],[-118.37931379999998,36.67917190000003,3728.0390625,0.0],[-118.38197129999998,36.67774010000005,3690.31640625,0.0],[-118.38228529999998,36.67325310000007,3643.796875,0.0],[-118.38392009999995,36.67134930000003,3630.953125,0.0],[-118.38277779999999,36.66931680000005,3618.66796875,0.0],[-118.38520619999997,36.66572170000006,3597.14453125,0.0],[-118.38301959999995,36.66272850000007,3544.796875,0.0],[-118.38846709999996,36.656439300000045,3481.90234375,0.0],[-118.39062669999998,36.64943080000006,3413.17578125,0.0],[-118.38744379999997,36.643196800000055,3347.046875,0.0],[-118.38825379999997,36.63982230000005,3320.16015625,0.0],[-118.3856113,36.635776200000066,3375.78125,0.0],[-118.38573639999998,36.62919070000004,3393.28515625,0.0],[-118.38423139999998,36.62404550000008,3448.078125,0.0],[-118.37986799999999,36.61915700000003,3483.3046875,0.0],[-118.37904979999996,36.611846300000025,3413.0703125,0.0],[-118.37484049999995,36.61070470000004,3361.35546875,0.0],[-118.37185459999995,36.603509200000076,3312.94140625,0.0],[-118.37564719999995,36.598457600000074,3269.9765625,0.0],[-118.3762989,36.595083600000066,3254.3515625,0.0],[-118.37134149999997,36.59466290000006,3180.7578125,0.0],[-118.37697409999998,36.59462440000004,3248.7578125,0.0],[-118.37095889999995,36.59453890000003,3175.14453125,0.0],[-118.37727999999998,36.59416530000004,3251.55859375,0.0],[-118.36827029999995,36.594104300000026,3196.17578125,0.0],[-118.37726249999997,36.59404070000005,3248.9296875,0.0],[-118.36847139999998,36.59354040000005,3204.98046875,0.0],[-118.37138249999998,36.59000740000005,3274.640625,0.0],[-118.36915509999994,36.58764430000008,3298.0859375,0.0],[-118.37009259999996,36.58675740000007,3301.453125,0.0],[-118.36937889999996,36.58500150000003,3324.23046875,0.0],[-118.37381199999999,36.58123740000008,3342.4140625,0.0],[-118.37402829999996,36.574923400000046,3292.828125,0.0],[-118.37066209999995,36.57325610000004,3274.828125,0.0],[-118.36296679999998,36.55967320000008,3300.81640625,0.0],[-118.36003119999998,36.55858870000003,3266.6171875,0.0],[-118.36100949999997,36.55856300000005,3279.09765625,0.0],[-118.36007609999996,36.558375400000045,3259.71875,0.0],[-118.36088619999998,36.556660100000045,3222.078125,0.0],[-118.35882479999998,36.55221300000005,3157.55859375,0.0],[-118.357396,36.55171590000003,3154.375,0.0],[-118.35946489999998,36.548657400000025,3160.7578125,0.0],[-118.3643669,36.54557360000007,3228.7265625,0.0],[-118.36622549999998,36.54182060000005,3256.765625,0.0],[-118.36234319999994,36.529967800000065,3226.0859375,0.0],[-118.35686969999995,36.52649190000005,3239.08984375,0.0],[-118.34882909999999,36.52360390000007,3270.8359375,0.0],[-118.34927859999999,36.51825790000004,3330.77734375,0.0],[-118.34845309999997,36.518070600000044,3333.5234375,0.0],[-118.34984029999998,36.517447900000036,3311.0859375,0.0],[-118.34649329999996,36.514824100000055,3231.41796875,0.0],[-118.34314169999999,36.50677870000004,3168.06640625,0.0],[-118.34359439999997,36.501495300000045,3130.734375,0.0],[-118.34527979999996,36.49987150000004,3092.2734375,0.0],[-118.33755919999999,36.49727850000005,2928.953125,0.0],[-118.33063969999995,36.496843400000046,2948.53515625,0.0],[-118.33791989999997,36.496701200000075,2920.8671875,0.0],[-118.33015499999999,36.49668430000003,2951.484375,0.0],[-118.33801139999997,36.496617600000036,2919.9921875,0.0],[-118.33001459999997,36.49658780000004,2950.75,0.0],[-118.33736009999996,36.49626420000004,2914.3828125,0.0],[-118.32139609999996,36.49464350000005,3021.06640625,0.0],[-118.32820759999998,36.49463570000006,2967.5703125,0.0],[-118.32136489999999,36.49459920000004,3021.83984375,0.0],[-118.32764279999998,36.49444630000005,2972.44921875,0.0],[-118.32104719999995,36.49436700000007,3028.84765625,0.0],[-118.32741919999995,36.49436410000004,2977.20703125,0.0],[-118.32138289999995,36.49436070000007,3023.078125,0.0],[-118.32637779999999,36.49402230000004,2977.734375,0.0],[-118.32049919999997,36.49400030000004,3040.6796875,0.0],[-118.32690899999994,36.49399070000004,2978.01953125,0.0],[-118.31934189999998,36.492913000000044,3051.89453125,0.0],[-118.31917749999997,36.491332800000066,3069.4453125,0.0],[-118.32219879999997,36.49028960000004,3094.6171875,0.0],[-118.32075169999996,36.49027180000007,3087.10546875,0.0],[-118.32213369999994,36.49017730000003,3095.15625,0.0],[-118.32121869999997,36.48789160000007,3147.76171875,0.0],[-118.32293579999998,36.48727670000005,3163.53515625,0.0],[-118.32114229999996,36.485718700000064,3178.9921875,0.0],[-118.31645499999996,36.48302220000005,3213.1328125,0.0],[-118.30508119999996,36.48282260000008,3333.2265625,0.0],[-118.31632889999997,36.48274130000004,3217.13671875,0.0],[-118.30310309999999,36.482444100000066,3339.25,0.0],[-118.3163841,36.48225730000007,3217.12109375,0.0],[-118.30216309999997,36.481985500000064,3344.1328125,0.0],[-118.31634429999997,36.48195490000006,3218.68359375,0.0],[-118.30173479999996,36.48163470000003,3343.1953125,0.0],[-118.31589929999996,36.48159250000003,3224.2109375,0.0],[-118.27718339999996,36.481060600000035,3349.83984375,0.0],[-118.31575339999995,36.481051500000035,3222.390625,0.0],[-118.27689939999999,36.480990500000075,3351.38671875,0.0],[-118.31487379999999,36.48077690000008,3229.1015625,0.0],[-118.26735169999995,36.47978530000006,3400.41796875,0.0],[-118.29770969999998,36.479756500000065,3350.171875,0.0],[-118.26718039999997,36.479709300000025,3400.0,0.0],[-118.29672709999994,36.47949570000003,3354.5859375,0.0],[-118.26670499999994,36.47936030000005,3399.484375,0.0],[-118.28510789999996,36.47931070000004,3343.96484375,0.0],[-118.26566369999995,36.47846070000003,3399.40625,0.0],[-118.26244099999997,36.47683910000006,3430.79296875,0.0],[-118.26020319999998,36.47374610000003,3457.31640625,0.0],[-118.25159869999999,36.473657600000024,3482.53515625,0.0],[-118.26005769999995,36.473581600000045,3454.85546875,0.0],[-118.25117769999997,36.47357340000008,3484.14453125,0.0],[-118.25977849999998,36.473429800000076,3458.5390625,0.0],[-118.25096769999999,36.47321890000006,3478.6875,0.0],[-118.25906389999994,36.47316060000003,3464.95703125,0.0],[-118.25082039999995,36.472843700000055,3469.71875,0.0],[-118.25763079999996,36.472622100000024,3481.875,0.0],[-118.25064369999996,36.472587900000065,3468.0,0.0],[-118.25752669999997,36.47215610000006,3478.2734375,0.0],[-118.25075399999997,36.47212250000007,3460.9921875,0.0],[-118.25727849999998,36.47183920000003,3480.6328125,0.0],[-118.25080149999997,36.47165220000005,3464.12890625,0.0],[-118.25076099999995,36.46833660000004,3468.921875,0.0],[-118.24373629999997,36.465482800000075,3460.671875,0.0],[-118.24233819999995,36.462995500000034,3469.65234375,0.0],[-118.23074149999997,36.45721690000005,3509.30078125,0.0],[-118.22881229999996,36.45481570000004,3476.88671875,0.0],[-118.22498839999997,36.454191800000046,3425.51953125,0.0],[-118.22837449999997,36.45414160000007,3461.296875,0.0],[-118.21586099999996,36.45351590000007,3401.453125,0.0],[-118.21987539999998,36.453439400000036,3414.71484375,0.0],[-118.2157173,36.45326250000005,3397.38671875,0.0],[-118.21957369999996,36.45310010000003,3410.734375,0.0],[-118.21588559999998,36.45223240000007,3391.40625,0.0],[-118.22040329999999,36.445114000000046,3385.8984375,0.0],[-118.21694979999995,36.44070370000003,3356.88671875,0.0],[-118.22124759999997,36.43740550000007,3349.3203125,0.0],[-118.21967999999998,36.43423300000006,3337.9140625,0.0],[-118.18844539999998,36.433478200000025,3277.3125,0.0],[-118.21842269999996,36.43324690000003,3335.65234375,0.0],[-118.18662459999996,36.43315530000007,3282.5078125,0.0],[-118.21815939999999,36.432965900000056,3335.8984375,0.0],[-118.18544449999996,36.43272990000003,3287.3984375,0.0],[-118.21758419999998,36.432699300000024,3332.359375,0.0],[-118.18441439999998,36.43185900000003,3293.96875,0.0],[-118.21623259999996,36.43182820000004,3322.1484375,0.0],[-118.18415319999997,36.43171600000005,3291.41796875,0.0],[-118.21549139999996,36.431431700000076,3331.28515625,0.0],[-118.18341559999999,36.431127600000025,3285.3046875,0.0],[-118.215285,36.43101520000005,3333.95703125,0.0],[-118.15726749999999,36.43070560000007,3167.8046875,0.0],[-118.21533489999996,36.430417300000045,3338.08203125,0.0],[-118.15722439999996,36.43019990000005,3165.04296875,0.0],[-118.21473699999996,36.42938000000004,3340.83984375,0.0],[-118.15549869999995,36.42903370000005,3144.5546875,0.0],[-118.21447589999997,36.428883100000064,3337.42578125,0.0],[-118.15160519999995,36.42849010000003,3090.69140625,0.0],[-118.21386269999999,36.42835740000004,3330.765625,0.0],[-118.15018359999999,36.42820900000004,3086.5625,0.0],[-118.21353949999997,36.42810510000004,3326.6875,0.0],[-118.14938099999995,36.42758120000008,3079.9453125,0.0],[-118.21249369999998,36.42756330000003,3318.7265625,0.0],[-118.14782129999998,36.42747890000004,3052.52734375,0.0],[-118.17644889999997,36.427239100000065,3197.5859375,0.0],[-118.14708809999996,36.427166200000045,3047.0,0.0],[-118.17637779999995,36.42715460000005,3196.50390625,0.0],[-118.14701989999998,36.42705520000004,3047.0,0.0],[-118.17602919999996,36.426895700000046,3196.67578125,0.0],[-118.14704139999998,36.42688360000005,3045.91796875,0.0],[-118.17595529999994,36.426739300000065,3195.46484375,0.0],[-118.14723389999995,36.42669010000003,3043.38671875,0.0],[-118.17571979999997,36.42644850000005,3195.68359375,0.0],[-118.14755869999999,36.42628040000005,3036.8125,0.0],[-118.17549109999999,36.425928300000066,3192.3046875,0.0],[-118.14775929999996,36.425502100000074,3030.97265625,0.0],[-118.17447759999999,36.425411100000076,3198.703125,0.0],[-118.14758979999999,36.42527970000003,3023.92578125,0.0],[-118.17415399999999,36.42523520000003,3197.48828125,0.0],[-118.14754059999996,36.425127100000054,3021.15234375,0.0],[-118.14782029999998,36.42431760000005,3017.859375,0.0],[-118.13907939999996,36.41812230000005,2957.01171875,0.0],[-118.13879479999997,36.41329250000007,2949.71875,0.0],[-118.14384149999995,36.41056030000004,2969.4921875,0.0],[-118.14287539999998,36.410493200000076,2962.70703125,0.0],[-118.15063019999997,36.40831860000003,2981.08984375,0.0],[-118.14947659999996,36.404443600000036,3000.16796875,0.0],[-118.14807899999994,36.403527000000054,3021.77734375,0.0],[-118.15109319999999,36.40073680000006,3052.171875,0.0],[-118.14967029999997,36.40063420000007,3050.171875,0.0],[-118.15137209999995,36.400613400000054,3053.1953125,0.0],[-118.14984399999997,36.40059100000008,3050.75,0.0],[-118.15143469999998,36.40055760000007,3052.88671875,0.0],[-118.15362799999997,36.398153200000024,3082.31640625,0.0],[-118.16023719999998,36.39691750000003,3087.09375,0.0],[-118.16198129999998,36.39106240000007,3091.8125,0.0],[-118.15572469999995,36.38400750000005,3124.015625,0.0],[-118.14934239999997,36.38244700000007,3187.23828125,0.0],[-118.15193849999997,36.38238890000008,3156.19140625,0.0],[-118.14928499999996,36.382273300000065,3189.61328125,0.0],[-118.15144159999994,36.38209030000007,3169.72265625,0.0],[-118.14920259999997,36.38177550000006,3192.97265625,0.0],[-118.15061319999995,36.38170790000004,3176.85546875,0.0],[-118.14931719999998,36.381160900000054,3198.46484375,0.0],[-118.15030279999996,36.378729100000044,3200.953125,0.0],[-118.14896189999996,36.37274230000003,3193.48046875,0.0],[-118.14366689999997,36.37015800000006,3191.63671875,0.0],[-118.13759769999996,36.36997400000007,3161.53125,0.0],[-118.14354399999996,36.36996600000003,3187.55859375,0.0],[-118.13705899999997,36.36983250000003,3165.78125,0.0],[-118.14338139999995,36.369816300000025,3183.61328125,0.0],[-118.13438469999994,36.36971500000004,3183.640625,0.0],[-118.14315709999994,36.36965710000004,3180.8671875,0.0],[-118.13339259999998,36.369506100000024,3187.796875,0.0],[-118.14273629999997,36.36945700000007,3187.828125,0.0],[-118.13302579999998,36.36917960000005,3190.40625,0.0],[-118.14174089999995,36.368985800000075,3176.609375,0.0],[-118.13291159999994,36.36862250000007,3197.265625,0.0],[-118.13162289999997,36.36330250000003,3232.921875,0.0],[-118.12762149999998,36.36252620000005,3248.66015625,0.0],[-118.12596849999994,36.35773020000005,3236.64453125,0.0],[-118.12420739999999,36.35749460000005,3210.6953125,0.0],[-118.12604589999995,36.35674930000005,3201.9609375,0.0],[-118.12337499999995,36.35578440000006,3168.8046875,0.0],[-118.12311209999996,36.35313720000005,3170.1640625,0.0],[-118.12626339999997,36.34866100000005,3117.78515625,0.0],[-118.12523879999998,36.34705020000007,3108.046875,0.0],[-118.12839009999999,36.34511990000004,3051.3046875,0.0],[-118.12763189999998,36.344279200000074,3044.41796875,0.0],[-118.12962589999995,36.343290300000035,3019.5546875,0.0],[-118.13085469999999,36.34012350000006,2988.34375,0.0],[-118.12926519999996,36.33984990000005,2972.8203125,0.0],[-118.13135429999994,36.339823600000045,2982.171875,0.0],[-118.12940309999999,36.33951680000007,2969.74609375,0.0],[-118.13182749999999,36.33799120000003,2943.83984375,0.0],[-118.13359639999999,36.334790000000055,2928.7578125,0.0],[-118.13412209999996,36.33267180000007,2903.32421875,0.0],[-118.1323334,36.32990460000008,2880.88671875,0.0],[-118.13404469999995,36.32918650000005,2862.5,0.0],[-118.13337159999998,36.327664800000036,2832.55078125,0.0],[-118.13522769999997,36.32641640000003,2815.84375,0.0],[-118.13151729999998,36.32568610000004,2756.0546875,0.0],[-118.13324259999996,36.324419600000056,2769.7890625,0.0],[-118.13130309999997,36.32293080000005,2735.8515625,0.0],[-118.13093709999998,36.321286600000064,2736.3671875,0.0],[-118.13213889999997,36.32020170000004,2729.734375,0.0],[-118.13092519999998,36.315282800000034,2742.58203125,0.0],[-118.12815069999999,36.31222320000006,2742.98046875,0.0],[-118.12175589999998,36.309863000000064,2761.1484375,0.0],[-118.12126039999998,36.30662520000004,2763.453125,0.0],[-118.12459599999994,36.30328990000004,2741.15234375,0.0],[-118.12855379999996,36.30308390000005,2740.44921875,0.0],[-118.12452129999997,36.30293050000006,2740.80078125,0.0],[-118.12889099999995,36.30283120000007,2740.9921875,0.0],[-118.12460699999997,36.30276790000005,2742.10546875,0.0],[-118.13120879999997,36.30161130000005,2737.078125,0.0],[-118.13044559999997,36.29730930000005,2759.40625,0.0],[-118.13174389999995,36.297069900000054,2759.18359375,0.0],[-118.13026179999997,36.29704190000007,2762.73828125,0.0],[-118.13188539999999,36.29695420000007,2759.51953125,0.0],[-118.13027809999994,36.296855900000025,2763.29296875,0.0],[-118.13279209999996,36.29645890000006,2760.5078125,0.0],[-118.13372739999994,36.29036270000006,2816.8046875,0.0],[-118.14031309999996,36.28736290000006,2849.09765625,0.0],[-118.14150909999995,36.28281080000005,2889.73828125,0.0],[-118.13996229999998,36.27778540000003,2951.1875,0.0],[-118.14067819999997,36.27659870000008,2958.1953125,0.0],[-118.13653169999998,36.27361620000005,3001.5703125,0.0],[-118.13686379999996,36.27161440000003,3008.59765625,0.0],[-118.13351959999994,36.26826040000003,3066.23828125,0.0],[-118.13551999999999,36.264879000000064,3090.86328125,0.0],[-118.12770089999998,36.26195910000007,3182.109375,0.0],[-118.12922219999996,36.260772200000076,3158.1484375,0.0],[-118.12689339999997,36.26045450000004,3214.88671875,0.0],[-118.12350939999999,36.25700130000007,3215.7265625,0.0],[-118.12322139999998,36.25507220000003,3201.4921875,0.0],[-118.12674589999995,36.24913360000005,3174.5546875,0.0],[-118.11801789999998,36.241363300000046,3086.75,0.0],[-118.11712649999998,36.23614740000005,3064.4609375,0.0],[-118.11951149999999,36.23287080000006,2999.59765625,0.0],[-118.12198049999995,36.23268800000005,2973.5859375,0.0],[-118.12021539999995,36.23265180000004,2988.16015625,0.0],[-118.1219898,36.23261250000007,2972.2421875,0.0],[-118.12047859999996,36.23261130000003,2987.44140625,0.0],[-118.12260139999995,36.230769500000065,2936.25390625,0.0],[-118.12590179999995,36.230749100000025,2906.3671875,0.0],[-118.12261389999998,36.23053660000005,2931.734375,0.0],[-118.12780349999997,36.230203000000074,2891.14453125,0.0],[-118.12689669999997,36.23018170000006,2892.50390625,0.0],[-118.12788619999998,36.23011530000008,2890.7578125,0.0],[-118.12689689999996,36.229455700000074,2873.3046875,0.0],[-118.12762239999995,36.22758070000003,2828.5546875,0.0],[-118.13481299999995,36.22728450000005,2726.8203125,0.0],[-118.12735209999994,36.22693170000008,2822.9296875,0.0],[-118.13405849999998,36.226912500000026,2712.33203125,0.0],[-118.12741979999998,36.226533000000074,2813.0234375,0.0],[-118.13499199999995,36.22540800000007,2679.37890625,0.0],[-118.12739979999998,36.22538780000008,2806.6953125,0.0],[-118.13526099999996,36.225063600000055,2672.59765625,0.0],[-118.12792499999995,36.22441550000008,2793.28515625,0.0],[-118.13584099999997,36.22437780000007,2669.38671875,0.0],[-118.12797149999994,36.22424220000005,2791.44921875,0.0],[-118.13595619999995,36.22391410000006,2665.73046875,0.0],[-118.13560139999998,36.22087460000006,2624.71484375,0.0],[-118.13798969999999,36.218607500000076,2599.03515625,0.0],[-118.13648049999995,36.208417600000075,2499.828125,0.0],[-118.13808159999996,36.20255320000007,2460.65234375,0.0],[-118.13595099999998,36.19734610000006,2459.359375,0.0],[-118.13671489999996,36.19429690000004,2438.89453125,0.0],[-118.13488689999997,36.19293650000003,2431.5625,0.0],[-118.13414409999996,36.18767350000007,2405.52734375,0.0],[-118.13063159999996,36.18587290000005,2402.890625,0.0],[-118.12827689999995,36.182603200000074,2389.7890625,0.0],[-118.13135749999998,36.18241720000003,2411.34375,0.0],[-118.12839719999994,36.18233770000006,2388.35546875,0.0],[-118.13142999999997,36.18222270000007,2413.44921875,0.0],[-118.12865399999998,36.18212010000008,2390.2578125,0.0],[-118.13174029999999,36.18199910000004,2410.91796875,0.0],[-118.12893779999996,36.181951000000026,2395.61328125,0.0],[-118.13190239999994,36.181735900000035,2410.28515625,0.0],[-118.13553689999998,36.178590100000065,2432.20703125,0.0],[-118.13417349999997,36.17625730000003,2452.3359375,0.0],[-118.13681119999995,36.17309000000006,2504.09375,0.0],[-118.13631919999995,36.17133830000006,2528.86328125,0.0],[-118.1382051,36.170786400000054,2555.51953125,0.0],[-118.13602729999997,36.17060570000007,2533.40625,0.0],[-118.13861209999999,36.170241400000066,2551.1484375,0.0],[-118.13591789999998,36.170084200000076,2538.765625,0.0],[-118.13885009999996,36.169893100000024,2549.8125,0.0],[-118.13572669999996,36.16981400000003,2539.125,0.0],[-118.13906569999995,36.16971100000006,2547.44921875,0.0],[-118.13569479999995,36.16960420000004,2540.9765625,0.0],[-118.13915899999995,36.169573900000046,2546.65625,0.0],[-118.14422029999997,36.16509800000006,2498.8515625,0.0],[-118.14380559999995,36.16007140000005,2460.7109375,0.0],[-118.14645109999998,36.15775350000007,2433.16015625,0.0],[-118.14753029999997,36.151395500000035,2414.17578125,0.0],[-118.14476669999999,36.14444650000007,2425.84375,0.0],[-118.13441519999998,36.130929700000024,2383.22265625,0.0],[-118.13391199999995,36.126289400000076,2307.3125,0.0],[-118.12966679999994,36.11816750000003,2235.99609375,0.0],[-118.12616089999995,36.114850500000045,2208.5,0.0],[-118.12722739999998,36.11479620000006,2204.93359375,0.0],[-118.12395299999997,36.11307470000003,2200.70703125,0.0],[-118.12415529999998,36.110660100000075,2176.36328125,0.0],[-118.12235749999996,36.11039240000008,2181.125,0.0],[-118.12375379999997,36.10999560000005,2170.49609375,0.0],[-118.12226239999995,36.10970970000005,2171.3203125,0.0],[-118.12370109999995,36.10969350000005,2167.37890625,0.0],[-118.12231999999995,36.109406000000035,2167.546875,0.0],[-118.12345829999998,36.108038700000066,2158.08984375,0.0],[-118.11939589999997,36.10763170000007,2141.34765625,0.0],[-118.12338309999996,36.107622400000025,2154.62109375,0.0],[-118.11901079999996,36.10741870000004,2137.92578125,0.0],[-118.12305449999997,36.10726650000004,2154.73046875,0.0],[-118.11877589999995,36.10723430000007,2134.609375,0.0],[-118.12267379999997,36.10712040000004,2152.15625,0.0],[-118.11861939999994,36.106874600000026,2132.96484375,0.0],[-118.11796799999996,36.10565750000006,2123.80859375,0.0],[-118.12131549999998,36.09722300000004,2086.7578125,0.0],[-118.11979729999996,36.09650890000006,2070.27734375,0.0],[-118.11946039999998,36.094168800000034,2067.02734375,0.0],[-118.12240839999998,36.09269560000007,2056.15234375,0.0],[-118.12406939999994,36.089968500000055,2022.14453125,0.0],[-118.12393849999995,36.07883860000004,1930.1796875,0.0],[-118.12704219999995,36.076302500000054,1916.72265625,0.0],[-118.12679389999994,36.07403410000006,1925.6484375,0.0],[-118.12978559999999,36.06770380000006,1896.125,0.0],[-118.13074399999999,36.05333650000006,1872.71875,0.0],[-118.12912099999994,36.049836500000026,1877.86328125,0.0],[-118.13327699999996,36.04451990000007,1852.3828125,0.0],[-118.13407089999998,36.037279400000045,1842.25,0.0],[-118.13217319999995,36.03350300000005,1834.625,0.0],[-118.13343729999997,36.03176920000004,1838.0859375,0.0],[-118.13288019999999,36.025000000000034,1838.26171875,0.0],[-118.13473159999995,36.02254670000008,1826.1484375,0.0],[-118.13364699999994,36.01756870000003,1824.1796875,0.0],[-118.13133929999998,36.014694700000064,1818.05078125,0.0],[-118.13359309999998,36.01319610000007,1838.68359375,0.0],[-118.13306359999996,36.01181500000007,1857.17578125,0.0],[-118.13610529999994,36.01065230000006,1847.33203125,0.0],[-118.13624619999996,36.00423660000007,1820.76171875,0.0],[-118.14135239999996,36.00221630000004,1820.859375,0.0],[-118.14210449999996,35.994021400000065,1854.7890625,0.0],[-118.14729849999998,35.99115910000006,1811.296875,0.0],[-118.14654929999995,35.98585790000004,1800.453125,0.0],[-118.15249969999996,35.98306850000006,1780.99609375,0.0],[-118.15451709999996,35.98003970000008,1760.8046875,0.0]]},"properties":{"name":"PCT Bucks Lake to Kennedy Meadows South"}}]}